"","jday","Site","month","TS.5","TS.10","TS.30","RH","PARin","SWin","VPD","Precip","Ta"
"1",1,"BB1","Jan",6.88391158695652,6.41637345652174,NA,82.8786047826087,100.405055210375,52.9353471304348,0.207340669489854,0.00869565217391304,9.48194265217391
"2",1,"BB2","Jan",6.00657053623188,5.96085436956522,5.79885336231884,79.8079399726217,108.337150565217,53.8203805652174,0.488913194631497,0.00652173913043478,9.4842507826087
"3",2,"BB1","Jan",6.49353816666667,6.25235004166667,NA,90.8074708333333,24.9785933266,10.0845228333333,0.0798417642428488,0.1375,4.17077875
"4",2,"BB2","Jan",4.67228191666667,5.04711854166667,5.22273781944444,88.8177483320417,20.8985589166667,9.33774316666667,0.0965225986725667,0.139583333333333,3.99921460416667
"5",3,"BB1","Jan",6.3334560625,5.9735858125,NA,83.1239320833333,29.3768048007102,12.5891308125,0.232881389802715,0.445833333333333,9.98198966666667
"6",3,"BB2","Jan",5.87936734027778,5.66057597916667,5.66825878472222,80.0867127442542,26.31040925,12.1110781875,0.269614310227382,0.383333333333333,9.84445375
"7",4,"BB1","Jan",6.65743908333333,6.24170154166667,NA,83.1080345833333,77.5919110455836,36.9161067291667,0.167786122519422,0.0395833333333333,6.78159679166667
"8",4,"BB2","Jan",5.54288163888889,5.60948107638889,5.59941774305556,80.0686479380792,70.3334912083333,35.5732250625,0.196794961645847,0.0354166666666667,6.6709700625
"9",5,"BB1","Jan",6.5062419375,6.16605102083333,NA,84.1964658333333,70.6329363261219,35.6867105208333,0.155737415241901,0.03125,6.39468125
"10",5,"BB2","Jan",5.30725864583333,5.46636103472222,5.53274327777778,81.3054650203917,68.4497699791667,36.5061430625,0.182314432180938,0.0270833333333333,6.21321354166667
"11",6,"BB1","Jan",6.02984395833333,5.8311055,NA,98.6259283333333,20.4831111922485,8.55188091666667,0.0113002283319521,0.452083333333333,4.3494096875
"12",6,"BB2","Jan",4.82365577083333,5.06978817361111,5.2613806875,97.7020961430167,18.5451511041667,8.22442652083333,0.0183817717549451,0.458333333333333,3.843677875
"13",7,"BB1","Jan",6.20623416666667,5.811717875,NA,96.7318654166667,20.5744181636162,8.5604246875,0.0371173093010398,0.410416666666667,8.45057335416667
"14",7,"BB2","Jan",5.91232408333333,5.70390079166667,5.71129099305556,95.5498156289208,21.5171884583333,9.09878322916667,0.0504315648855412,0.389583333333333,8.394127375
"15",8,"BB1","Jan",6.459016,6.05930466666667,NA,77.42528625,59.7416707989695,26.7309001875,0.200248086272853,0.00208333333333333,4.6085825625
"16",8,"BB2","Jan",5.18241009722222,5.42764563888889,5.47687996527778,73.6111705244625,52.0125940625,24.6957534583333,0.233450236613189,0,4.42921597916667
"17",9,"BB1","Jan",5.761555625,5.67568866666667,NA,91.6260029166667,98.7105631560229,49.4487598541667,0.0658400354189303,0.00208333333333333,1.23170979166667
"18",9,"BB2","Jan",3.21017107638889,3.90980777083333,4.44549122222222,89.7478708942958,100.010541416667,49.2444256875,0.0813278657202278,0.00208333333333333,1.1782854375
"19",10,"BB1","Jan",5.02997022916667,5.02865235416667,NA,97.455053125,19.1495655182617,8.88670747916667,0.0191030056927975,0.5625,2.20046383333333
"20",10,"BB2","Jan",2.65536263888889,3.2545025,3.84679483333333,96.3715955175312,16.9838957916667,7.7032853125,0.0275084494782622,0.883333333333333,2.4887345625
"21",11,"BB1","Jan",4.72585822916667,4.60214454166667,NA,84.8481602083333,84.428132965087,41.3294171458333,0.138991464820946,0.264583333333333,4.61847085416667
"22",11,"BB2","Jan",3.30206951388889,3.58565552777778,3.9767359375,82.0460048895354,88.7811414583333,41.5398985208333,0.166300718756645,0.391666666666667,4.74074191666667
"23",12,"BB1","Jan",3.56792484210526,3.37790015789474,NA,92.7883234210526,50.8616362527026,22.4721934736842,0.0572249550060942,0.326315789473684,3.13019107894737
"24",12,"BB2","Jan",3.29902019444444,3.61226807638889,3.92732246527778,87.9708693961604,54.8653373333333,26.9662908333333,0.0948789025894759,0.325,2.98939289583333
"25",13,"BB1","Jan",2.526316,2.512442125,NA,74.601094375,129.351673317462,55.9043691875,0.0998958185848623,0,-5.970429
"26",13,"BB2","Jan",1.90542652777778,2.54121311805556,3.10143371527778,68.1671250653813,69.7693276458333,27.6070813541667,0.128328791119361,0,-5.56610220833333
"27",14,"BB1","Jan",3.11001033333333,3.13157233333333,NA,71.2477127777778,41.7837856949129,17.5699743333333,0.102207346712908,0,-7.29959816666667
"28",14,"BB2","Jan",1.04819105555556,1.81604965277778,2.5333001875,68.9023968394562,79.2935386875,33.1580834583333,0.108075855078793,0,-7.59851089583333
"29",15,"BB1","Jan",2.76685222222222,2.86946477777778,NA,91.8512516666667,26.5788285377447,9.19069833333333,0.0342214149678468,0,-6.74626844444444
"30",15,"BB2","Jan",0.831626722222222,1.42067151388889,2.11411742361111,88.6371507815604,50.4201447708333,18.4030258958333,0.0505980671346753,0,-5.91684029166667
"31",16,"BB1","Jan",3.83930045714286,3.88638302857143,NA,89.3726845714286,116.622531940285,54.1458673714286,0.0669942806044257,0.128571428571429,-0.620862457142857
"32",16,"BB2","Jan",0.684826555555556,1.17592744444444,1.83374289583333,82.6824841888917,98.7796494375,38.3846490208333,0.104814090924313,0.03125,-1.18271354166667
"33",17,"BB1","Jan",4.03178847916667,4.10734452083333,NA,89.3971258333333,116.010262813839,54.2657850416667,0.0729014456482556,0.0104166666666667,-0.404522979166667
"34",17,"BB2","Jan",0.598446736111111,1.09160093055556,1.6980843125,87.2151309981917,137.601582104167,51.6094001041667,0.086492775794442,0.06875,-1.05434247916667
"35",18,"BB1","Jan",3.81297839583333,3.86231579166667,NA,95.532209375,49.9373872477181,20.2664976875,0.0329140923460878,0.08125,2.60376097916667
"36",18,"BB2","Jan",0.620838,1.02769486805556,1.60705147222222,94.1866104790938,53.1268817083333,19.5644369166667,0.0423797861396614,0.214583333333333,2.47060225
"37",19,"BB1","Jan",3.35488335416667,3.3385335625,NA,98.9424870833333,45.3456825255833,18.932371,0.00870753150686019,0.05625,4.98026958333333
"38",19,"BB2","Jan",0.6715851875,0.978095666666667,1.52435685416667,98.0618113474042,48.7358661875,18.78735575,0.016039642554926,0.0729166666666667,5.0098941875
"39",20,"BB1","Jan",3.27569139583333,3.11661683333333,NA,97.95533875,61.7402230914171,27.2843002916667,0.0212259552984114,0.10625,6.15783189583333
"40",20,"BB2","Jan",1.45195943055556,1.46273864583333,1.91340035416667,96.9400850817875,68.2132690416667,27.6281911458333,0.0320003553218321,0.145833333333333,6.536675
"41",21,"BB1","Jan",3.81712341666667,3.42426202083333,NA,89.4441529166667,48.923297291224,21.2335720416667,0.113125998787116,0.110416666666667,7.83334
"42",21,"BB2","Jan",3.26560970138889,3.03040563888889,3.05997359722222,87.2685692837958,53.4096570625,21.7121960208333,0.138156797115966,0.11875,8.04065383333333
"43",22,"BB1","Jan",4.6716669375,4.10862691666667,NA,96.6398995833333,27.5387626407538,11.2090512083333,0.0339300309955767,0.29375,6.63924683333333
"44",22,"BB2","Jan",4.1424844375,3.83804259027778,3.67592004861111,95.4453120935292,27.9866006875,10.6075386875,0.0468879558765447,0.410416666666667,6.969199875
"45",23,"BB1","Jan",5.22378302083333,4.56974070833333,NA,99.1756589583333,32.1237686787093,13.1317689583333,0.00983809900999031,0.664583333333333,8.89181508333333
"46",23,"BB2","Jan",5.1847021875,4.63523570833333,4.40262284027778,98.3267715441229,32.13793,13.3672633333333,0.0200346149380582,0.827083333333333,9.33056104166667
"47",24,"BB1","Jan",6.12756325,5.36360004166667,NA,95.7211352083333,65.8068880746614,29.5738347708333,0.0496089064080504,0.214583333333333,8.89766272916667
"48",24,"BB2","Jan",5.84741820833333,5.42610958333333,5.0660140625,94.4012925712854,68.4111080416667,28.9894556875,0.0659675189709924,0.197916666666667,9.13384058333333
"49",25,"BB1","Jan",6.32535533333333,6.04456329166667,NA,97.0296366666667,52.7470558151144,22.9568377916667,0.0310098416940268,0.160416666666667,7.33429725
"50",25,"BB2","Jan",5.88017015972222,5.59475502083333,5.31979153472222,95.8881820334333,50.3422450416667,21.3155253958333,0.0437274978058996,0.191666666666667,7.6699238125
"51",26,"BB1","Jan",6.50865839583333,6.25895291666667,NA,87.9804808333333,82.5901028762214,37.2340336875,0.1394870840531,0.0395833333333333,8.83573847916667
"52",26,"BB2","Jan",6.30035122222222,5.99102659027778,5.70018427083333,85.6053547853417,85.61149025,36.6851203333333,0.169712981332483,0.0395833333333333,9.09950114583333
"53",27,"BB1","Jan",6.66775166666667,6.44576725,NA,87.8450825,105.427943107799,49.0764787708333,0.131604978609501,0.108333333333333,7.50272145833333
"54",27,"BB2","Jan",6.18150963194444,6.07357861111111,5.82603660416667,85.451497597225,112.252582083333,47.2863668125,0.160050565286258,0.154166666666667,7.72239054166667
"55",28,"BB1","Jan",6.5886679375,6.42926872916667,NA,94.9099397916667,89.7553564089481,40.4343656875,0.0530935521831169,0.03125,6.48563820833333
"56",28,"BB2","Jan",6.10159497222222,6.04688845138889,5.87048980555556,93.4795068834646,87.1105362083333,38.5877978333333,0.0676953441724155,0.0416666666666667,6.3380351875
"57",29,"BB1","Jan",6.81083077083333,6.61777658333333,NA,95.0371,97.3035491015747,49.4438136875,0.0556136340717862,0.225,7.89014583333333
"58",29,"BB2","Jan",6.39831979166667,6.28912909722222,6.08434579861111,93.624002843,107.5632184375,47.9029636041667,0.071162453587364,0.28125,7.83443002083333
"59",30,"BB1","Jan",6.73138570833333,6.61410197916667,NA,92.077710625,77.4562665553783,34.2772811041667,0.084574874914221,0.270833333333333,6.4105979375
"60",30,"BB2","Jan",5.72326123611111,5.84166379861111,5.79977711805556,90.2611599145063,73.096901625,32.3928523333333,0.102839731849764,0.447916666666667,6.21862383333333
"61",31,"BB1","Jan",6.81550058333333,6.6660634375,NA,98.7870227083333,17.3699034788349,6.73357397916667,0.016036294103902,1.00833333333333,8.94234252083333
"62",31,"BB2","Jan",6.56353197222222,6.32149015277778,6.1779211875,97.8851525141604,16.8884059166667,6.76206658333333,0.0268103445214617,1.25208333333333,9.04150858333333
"63",32,"BB1","Feb",7.39877361702128,7.05504031914894,NA,83.4658138297872,154.762491646734,77.0115833829787,0.165422453997803,0.142553191489362,7.32239595744681
"64",32,"BB2","Feb",7.03319102777778,6.88965035416667,6.55918450694444,80.2408861202604,166.590213833333,76.3452579375,0.2013212862052,0.160416666666667,7.421447875
"65",33,"BB1","Feb",6.66566634042553,6.70291574468085,NA,90.3289810638298,131.05964633868,63.1291647021277,0.0792025675149304,0.0595744680851064,2.44625040425532
"66",33,"BB2","Feb",5.02600615972222,5.49792627083333,5.63504153472222,86.9555650928396,135.5776078125,59.8990343541667,0.101773206829775,0.075,1.9603326875
"67",34,"BB1","Feb",6.065483625,6.1934390625,NA,91.0765391666667,144.579920951337,71.7540875416667,0.0698068990551175,0.00208333333333333,1.6641648125
"68",34,"BB2","Feb",4.35801505555556,4.82141727083333,5.10073899305556,89.1234987512583,172.007345854167,74.8925423541667,0.0842256525198434,0.00416666666666667,1.2279823125
"69",35,"BB1","Feb",5.63889420833333,5.86831633333333,NA,98.3192083333333,25.5141973823716,13.3329860833333,0.0107644736807097,0.216666666666667,0.5474075
"70",35,"BB2","Feb",2.76914103472222,3.40111561111111,3.97312651388889,97.3535610054167,16.7903695208333,11.7915128958333,0.0156935014221115,0.154166666666667,-0.143830729166667
"71",36,"BB1","Feb",4.8634790625,5.2281289375,NA,100,59.3139173456766,24.1110806041667,0,0.447916666666667,2.39383797916667
"72",36,"BB2","Feb",2.10018213888889,2.6766004375,3.4082885,99.263495,54.9198587083333,23.8317148958333,0.00529942387324567,0.720833333333333,2.2253360625
"73",37,"BB1","Feb",4.63330610416667,4.87044216666667,NA,100,42.2299117842871,17.3629537291667,0,0.14375,3.74429875
"74",37,"BB2","Feb",2.89445434027778,3.25319810416667,3.65585634722222,99.263495,38.9563806458333,16.8793247708333,0.00577776137773521,0.335416666666667,3.46706241666667
"75",38,"BB1","Feb",4.84532745833333,4.95631122916667,NA,97.7560947916667,38.7164245878703,16.5079906458333,0.0219978798986705,0.06875,5.08774170833333
"76",38,"BB2","Feb",3.56060745833333,3.65803129166667,3.89970938194444,96.7136781946146,35.8693256041667,15.9390852291667,0.0312891944034144,0.0875,4.85782860416667
"77",39,"BB1","Feb",5.20369385416667,5.20645589583333,NA,92.4117114583333,123.303150092084,60.5474859791667,0.0763116838331519,0,4.90121939583333
"78",39,"BB2","Feb",4.11822691666667,4.13472959722222,4.21448577777778,90.6406950814479,135.653806875,61.0907795208333,0.093752086120915,0,4.53062422916667
"79",40,"BB1","Feb",5.2124001875,5.29951702083333,NA,93.1834770833333,150.773768675808,71.4899981458333,0.0585286208685219,0.00625,1.7898140625
"80",40,"BB2","Feb",2.93971854861111,3.38329593055556,3.77472446527778,91.5176755141042,160.989432541667,65.2665663541667,0.0706501444129302,0.00208333333333333,1.15469247916667
"81",41,"BB1","Feb",5.18064883333333,5.26054666666667,NA,89.1876747916667,182.027864654052,85.6685492916667,0.101382456224918,0,3.11418295833333
"82",41,"BB2","Feb",3.15344986111111,3.47146389583333,3.79266256944444,86.9771254960146,213.477606645833,84.3243247916667,0.118676262143011,0.00416666666666667,2.35375008333333
"83",42,"BB1","Feb",5.44176477083333,5.43482739583333,NA,93.378359375,120.69052142684,56.5803160833333,0.0634426430315227,0.00833333333333333,5.68263966666667
"84",42,"BB2","Feb",4.2020189375,4.20411349305556,4.30845429166667,91.7391261085938,133.150672625,58.997584375,0.0788464063730307,0,5.50338825
"85",43,"BB1","Feb",5.97410977083333,5.84567883333333,NA,95.6874616666667,94.8995209897858,42.2138464375,0.0445278719133421,0.0729166666666667,6.16571977083333
"86",43,"BB2","Feb",5.40442641666667,5.15975769444444,4.96386122222222,94.3630283156833,94.3371396875,40.115534875,0.0573762346651445,0.0833333333333333,5.87956725
"87",44,"BB1","Feb",6.2549440625,6.10540516666667,NA,91.50409,77.8998510430561,37.5350689375,0.0825197866084549,0.0583333333333333,5.85560752083333
"88",44,"BB2","Feb",5.22097688888889,5.21719716666667,5.10618950694444,89.6093375897,70.1957216458333,38.6159513333333,0.100484179552544,0.0645833333333333,5.66557652083333
"89",45,"BB1","Feb",6.24403766666667,6.16947952083333,NA,85.6595527083333,227.968588448181,112.362237979167,0.148145798974259,0.00416666666666667,5.92877229166667
"90",45,"BB2","Feb",4.81058891666667,5.018930375,5.06214940277778,82.9680145290604,252.087434166667,106.252188125,0.177547856349893,0.00208333333333333,5.9041421875
"91",46,"BB1","Feb",6.4049359375,6.28894616666667,NA,97.5617697916667,38.8716564011983,16.7537731041667,0.0225172951248054,0.372916666666667,5.51828583333333
"92",46,"BB2","Feb",5.35006527777778,5.34013647916667,5.26756051388889,96.4928608673646,37.5644866041667,15.876463875,0.0324107344693561,0.502083333333333,5.63566389583333
"93",47,"BB1","Feb",6.14337672916667,6.1645296875,NA,86.257575,126.839436896537,58.25960325,0.127038359874417,0,5.1120605625
"94",47,"BB2","Feb",4.52969742361111,4.75847994444444,4.86761752083333,83.64756519975,141.414097333333,58.1683432291667,0.151973368082447,0,5.102050125
"95",48,"BB1","Feb",5.83317322916667,5.93525866666667,NA,88.31292625,156.839002683373,74.6716906041667,0.103909311921036,0,2.87350183333333
"96",48,"BB2","Feb",3.61131102083333,4.04206847222222,4.36972982638889,85.9831224856625,185.087997479167,75.5431358125,0.122838902965969,0,2.25694941666667
"97",49,"BB1","Feb",5.45450660416667,5.63471070833333,NA,88.3168570833333,256.041415678262,130.116547291667,0.108417970502977,0.00208333333333333,1.49803295833333
"98",49,"BB2","Feb",2.60500453472222,3.1768355625,3.72536173611111,85.9875892095042,296.11629125,125.9047803125,0.129116328620095,0,0.642518916666667
"99",50,"BB1","Feb",5.314225625,5.4707070625,NA,84.3349579166667,254.874309590685,129.917151,0.160628437242345,0,1.85399422916667
"100",50,"BB2","Feb",2.260349125,2.81953353472222,3.408432,81.4628377294458,295.254511416667,124.9202846875,0.18848320352753,0.00208333333333333,0.608794770833333
"101",51,"BB1","Feb",5.2698999375,5.400200625,NA,87.3274272916667,271.026692305978,136.002507270833,0.140518569260663,0.00208333333333333,2.37810370833333
"102",51,"BB2","Feb",2.12765825,2.69389031944444,3.27503654166667,84.8632704543396,306.7329733125,131.115021208333,0.167504863350757,0,1.19319052083333
"103",52,"BB1","Feb",5.39431454166667,5.47681883333333,NA,83.5117377083333,263.671050645678,125.11849575,0.179033213632594,0,3.993364
"104",52,"BB2","Feb",2.37919613888889,2.84927338888889,3.38972327777778,80.5273879101104,289.785774791667,120.870712125,0.206031559106353,0,3.14197204166667
"105",53,"BB1","Feb",6.0078635625,5.87538852083333,NA,91.246526875,180.731395670731,84.1191124791667,0.089701659723008,0.172916666666667,6.1493343125
"106",53,"BB2","Feb",4.44987586111111,4.50846822222222,4.62191641666667,89.3166608838687,195.762703541667,82.7214370833333,0.108877481523988,0.254166666666667,5.99169085416667
"107",54,"BB1","Feb",6.470314375,6.2982834375,NA,88.1644989583333,113.11875707933,49.17123,0.12112750260452,0.177083333333333,6.51103214583333
"108",54,"BB2","Feb",5.0216900625,5.06507796527778,4.9941106875,85.8144601013229,117.859399104167,49.6155181041667,0.14530883500944,0.254166666666667,6.48442520833333
"109",55,"BB1","Feb",6.34650166666667,6.29617708333333,NA,70.9467197916667,224.297656874557,103.116953,0.273598996969336,0,5.73647720833333
"110",55,"BB2","Feb",4.91012046527778,4.9431105625,4.88833970833333,66.2493811008646,232.410731979167,97.9671787916667,0.318870198542305,0,5.67333702083333
"111",56,"BB1","Feb",6.38805816666667,6.3410394375,NA,83.2321810416667,93.777333979376,37.2636350625,0.147770715564531,0.0229166666666667,4.88786654166667
"112",56,"BB2","Feb",4.86025595833333,4.99413465277778,4.99067021527778,80.2097192830771,88.3023411875,35.9081673333333,0.172473295079156,0.025,4.67943785416667
"113",57,"BB1","Feb",6.42469558333333,6.36942260416667,NA,94.03380125,133.520850161506,57.183567875,0.0636641121217038,0.0520833333333333,6.20465654166667
"114",57,"BB2","Feb",5.64885193055556,5.44493822222222,5.30533599305556,92.4839243744125,151.8520415625,62.0539979791667,0.079397405820177,0.075,6.09293460416667
"115",58,"BB1","Feb",6.8565038125,6.69940614583333,NA,95.8649404166667,122.906087621838,51.92423725,0.0454734158820505,0.0770833333333333,6.93781089583333
"116",58,"BB2","Feb",6.23221722916667,6.10059490972222,5.83953316666667,94.5647027436708,125.115743729167,51.6537519375,0.0562636825760888,0.09375,6.33119938541667
"117",59,"BB1","Feb",6.9761915625,6.83069710416667,NA,93.2151079166667,143.276920770222,61.135213875,0.0671457219404123,0.0791666666666667,6.0940284375
"118",59,"BB2","Feb",6.17280771527778,6.1352395625,5.96292173611111,91.5536185789458,136.0303025,56.9241329375,0.0773011914666787,0.102083333333333,4.83710770833333
"119",60,"BB1","Feb",6.99494077083333,6.87233535416667,NA,83.3358045833333,303.80565850065,143.9297955625,0.172081371846884,0.0395833333333333,5.89244354166667
"120",60,"BB2","Feb",5.88207268055556,5.99827238888889,5.9081339375,80.3274698221792,326.734332895833,136.678804395833,0.193208680873881,0.0583333333333333,5.18642341666667
"121",61,"BB1","Mar",6.8646555625,6.84536341666667,NA,91.7909533333333,147.402082728861,62.4445826458333,0.0732124914276001,0.0145833333333333,3.63945839583333
"122",61,"BB2","Mar",5.14078163194444,5.51359464583333,5.64226945833333,89.9353090012667,153.552242604167,61.8771382708333,0.0841508431991559,0.0208333333333333,2.39625995833333
"123",62,"BB1","Mar",6.53035889583333,6.57651422916667,NA,98.8358239583333,42.8774493548737,16.365536125,0.00958194619981336,0.504166666666667,4.80930439583333
"124",62,"BB2","Mar",5.23440257638889,5.41674257638889,5.53100542361111,97.9406068385729,41.6395743541667,17.3319824166667,0.0161102931247549,0.620833333333333,3.911817625
"125",63,"BB1","Mar",6.45126083333333,6.46986502083333,NA,93.227090625,80.4292803521224,33.4475208958333,0.0729648896647588,0.01875,6.83046383333333
"126",63,"BB2","Mar",5.66564607638889,5.58209576388889,5.58364175694444,91.5672348899063,74.9550009375,31.3640702291667,0.0851481731540265,0.025,5.8695453125
"127",64,"BB1","Mar",6.50769133333333,6.5015,NA,70.5491475,332.620839271715,156.280822416667,0.304114370732305,0,6.43270614583333
"128",64,"BB2","Mar",5.47050236805556,5.66878259722222,5.67783111111111,65.797607778675,366.863035020833,149.664855083333,0.333496372778433,0,5.5211995
"129",65,"BB1","Mar",6.93548304166667,6.82924520833333,NA,82.61186625,65.4790219587846,25.0331819791667,0.172076750240307,0.108333333333333,6.58445925
"130",65,"BB2","Mar",5.79335310416667,5.83666022916667,5.74587705555556,79.5048369758625,63.0716675625,24.0758231875,0.189554877778064,0.129166666666667,5.64535752083333
"131",66,"BB1","Mar",6.773333875,6.71437385416667,NA,82.12887375,350.897501496777,163.311224770833,0.180091363955561,0,4.33225995833333
"132",66,"BB2","Mar",5.36559247222222,5.70732788194444,5.74129633333333,78.9559981083375,384.690645354167,158.108907895833,0.201654948746945,0,2.87683320833333
"133",67,"BB1","Mar",6.8310101875,6.78942827083333,NA,92.5112970833333,191.282851475349,81.9908348333333,0.0648095420398164,0.00833333333333333,2.714912125
"134",67,"BB2","Mar",4.76272579166667,5.06929004861111,5.23439261805556,90.7538572147042,173.626912958333,71.2213676875,0.0733976332794863,0.00625,1.03778608333333
"135",68,"BB1","Mar",6.62501606521739,6.63925104347826,NA,87.0877034782609,338.647879288159,156.763992782609,0.121957109953718,0,2.61216960869565
"136",68,"BB2","Mar",NA,NA,NA,85.2092859020583,NA,143.846437208333,0.13169838871703,0,1.34069609375
"137",69,"BB1","Mar",6.58279227083333,6.59628220833333,NA,83.917706875,372.589014816462,174.6382193125,0.156092429760022,0.00208333333333333,2.4681703125
"138",69,"BB2","Mar",3.93831649305556,4.48371959027778,4.85604125,80.9887028532687,415.378343666667,173.8173441875,0.17410807581908,0,0.559638875
"139",70,"BB1","Mar",6.694252,6.67239454166667,NA,86.2882083333333,69.2573555597422,25.9786909166667,0.119509749762867,0.0520833333333333,4.89939641666667
"140",70,"BB2","Mar",4.63008301388889,5.01381059027778,5.28289656944444,83.6823747754167,68.6576914166667,26.0435795625,0.1307073222857,0.0479166666666667,3.78718089583333
"141",71,"BB1","Mar",6.6584538125,6.61725333333333,NA,75.532589375,416.357938837714,190.1562525,0.260628670501648,0,7.32888883333333
"142",71,"BB2","Mar",5.12229095833333,5.09626823611111,5.15062913888889,71.4604422844938,431.297421895833,180.651466083333,0.290279687014964,0,6.63068225
"143",72,"BB1","Mar",6.91746308333333,6.82404591666667,NA,77.3177095833333,347.574664806504,153.00871825,0.217798296924278,0,5.14057791666667
"144",72,"BB2","Mar",5.2029855,5.48006125694444,5.62373853472222,73.4889279308292,356.086159333333,145.307476625,0.241583696009751,0,4.14048925
"145",73,"BB1","Mar",7.03532689583333,6.9414476875,NA,60.5901620833333,290.266512431206,123.108222666667,0.360796998054317,0,4.66053054166667
"146",73,"BB2","Mar",4.79211355555556,5.26426891666667,5.70480943055556,54.4809138801542,280.313108520833,115.0304749375,0.388652632342265,0,3.25169939583333
"147",74,"BB1","Mar",6.48965216666667,6.6063604375,NA,34.9691158333333,413.197681767855,182.465331375,0.471345271762921,0,2.3187153125
"148",74,"BB2","Mar",3.12367100694444,3.95304154861111,5.04491532638889,25.3669503948917,404.418025625,171.311127854167,0.501889170906667,0,1.25177802083333
"149",75,"BB1","Mar",6.043320125,6.230717625,NA,53.2269097916667,463.224559220716,203.424183645833,0.363680611398733,0,2.21657716666667
"150",75,"BB2","Mar",2.63670567361111,3.38422171527778,4.22769594444444,46.1138294035646,439.698537979167,192.229044,0.394806634736925,0,0.844900833333333
"151",76,"BB1","Mar",6.0265416875,6.10151554166667,NA,72.712563125,468.793422128829,206.125822,0.316312593885728,0,3.8134534375
"152",76,"BB2","Mar",3.02563017361111,3.51937372222222,4.04522784027778,68.2559618558312,447.857848375,192.421797833333,0.34680537355956,0,1.818313125
"153",77,"BB1","Mar",6.5456105625,6.42961785416667,NA,82.6731125,415.541379842052,176.210057770833,0.202990829948358,0,4.29717870833333
"154",77,"BB2","Mar",3.77064341666667,4.01165839583333,4.33395342361111,79.574432927125,391.389373125,165.973451270833,0.224966047034246,0,2.52255477083333
"155",78,"BB1","Mar",7.09516160416667,6.86514683333333,NA,81.2094210416667,479.974651083274,205.139598458333,0.261874734062453,0.00208333333333333,5.900277625
"156",78,"BB2","Mar",4.43998983333333,4.4843644375,4.60208690972222,77.9111964122771,458.578889958333,192.822251166667,0.282954547171049,0,3.59491183333333
"157",79,"BB1","Mar",7.70586120833333,7.37816864583333,NA,77.1292385416667,457.233704893905,193.456600083333,0.301829309718412,0.00208333333333333,7.05815216666667
"158",79,"BB2","Mar",5.11712670138889,5.02508084027778,4.93845211111111,73.2747626320521,431.6959910625,179.766150645833,0.32573417988979,0,4.58978045833333
"159",80,"BB1","Mar",8.12740872916667,7.77678239583333,NA,81.6248002083333,487.614906196367,204.390659604167,0.258373549797827,0,6.55970610416667
"160",80,"BB2","Mar",5.50255445833333,5.34488235416667,5.19788440277778,78.3832042207354,457.008770270833,192.673217083333,0.283272489403633,0,4.08485797916667
"161",81,"BB1","Mar",8.4689346875,8.11167245833333,NA,86.910839375,470.46347111946,198.667472916667,0.171537023396702,0,6.46917960416667
"162",81,"BB2","Mar",5.708290375,5.57858013194444,5.40882577777778,84.3898891069937,438.411892,188.935996166667,0.188808808938085,0,4.10449166666667
"163",82,"BB1","Mar",8.60433635416667,8.32614714583333,NA,87.9156760416667,274.794191901768,109.036571166667,0.135866749307414,0.00208333333333333,6.90651858333333
"164",82,"BB2","Mar",6.1764734375,5.91532520138889,5.69556823611111,85.5317151564271,248.400092458333,101.013228104167,0.149217847643341,0,4.8092935
"165",83,"BB1","Mar",8.50939364583333,8.30774652083333,NA,80.2551610416667,313.098645886959,126.6448861875,0.211595196488121,0.0604166666666667,7.14684752083333
"166",83,"BB2","Mar",6.51985975,6.27642485416667,6.04901092361111,76.8268421464771,287.181964083333,119.437017229167,0.233706753545288,0.0583333333333333,6.20016847916667
"167",84,"BB1","Mar",8.3661630625,8.24245270833333,NA,93.0333422916667,188.975021339731,76.4208949583333,0.0695296328842859,0.141666666666667,5.19370427083333
"168",84,"BB2","Mar",6.448740125,6.37330975,6.26296091666667,91.3470728462896,165.6489565,70.0180228958333,0.0802093831048028,0.208333333333333,3.8586049375
"169",85,"BB1","Mar",8.2226053125,8.09588089583333,NA,84.5579864583333,461.95453491248,197.333809229167,0.176487363045664,0.00208333333333333,5.87726435416667
"170",85,"BB2","Mar",6.34305463194444,6.22035133333333,6.03995304861111,81.7162717521979,451.766851770833,194.56014275,0.194922870862411,0.00208333333333333,3.8826019375
"171",86,"BB1","Mar",8.512867,8.34935714583333,NA,88.4070697916667,213.538885752345,82.6180226666667,0.114043328598238,0.0458333333333333,6.32878139583333
"172",86,"BB2","Mar",6.26694277777778,6.26902606944444,6.24797898611111,86.0901006163646,198.979300291667,80.7867132916667,0.128481496782427,0.0395833333333333,5.31730860416667
"173",87,"BB1","Mar",8.25742395833333,8.16958091666667,NA,96.2069535416667,163.60753649777,62.0962278541667,0.0398613270558729,0.1375,7.21335802083333
"174",87,"BB2","Mar",7.11605777777778,6.80684617361111,6.56809218055556,94.9533425180021,133.463347916667,60.274213,0.0496920734900178,0.1875,6.31770785416667
"175",88,"BB1","Mar",8.4910905,8.34925170833333,NA,95.4736185416667,86.2526830992146,31.2352342083333,0.0528606190651647,0.245833333333333,8.77968975
"176",88,"BB2","Mar",7.61728395138889,7.30723498611111,6.99861238194444,94.1200319574521,74.9724418958333,30.879734,0.0643741751834927,0.325,7.89890883333333
"177",89,"BB1","Mar",8.648317125,8.42053752083333,NA,79.5002310416667,441.366143723597,186.261313416667,0.261039060163239,0.03125,9.53998045833333
"178",89,"BB2","Mar",8.37947179861111,7.9832023125,7.66614700694444,75.9689925395771,421.956781791667,172.24085375,0.299276004781171,0.0395833333333333,8.56785972916667
"179",90,"BB1","Mar",9.14464297916667,8.91804627083333,NA,81.5823045833333,248.781415080946,101.989944895833,0.188606998676687,0.0708333333333333,7.239522625
"180",90,"BB2","Mar",8.27679079861111,8.27729415972222,8.01077264583333,78.3349151671792,240.47231425,97.0806046041667,0.232885189307374,0.0895833333333333,6.3887015
"181",91,"BB1","Mar",8.71802347916667,8.59366670833333,NA,83.527415,496.905218461304,210.362484,0.176119007018716,0.0145833333333333,6.45199666666667
"182",91,"BB2","Mar",7.83056831944444,7.74931489583333,7.68022330555556,80.54520248695,493.198755583333,198.681866875,0.201713209306466,0.0166666666666667,5.34221454166667
"183",92,"BB1","Apr",9.13252320833333,8.93738535416667,NA,80.8999754166667,279.483680473156,117.154412458333,0.18552537199219,0.15625,5.4445531875
"184",92,"BB2","Apr",7.62391474305556,7.86830955555556,7.89266328472222,77.5595640652208,262.716483791667,108.3539038125,0.201809131581985,0.229166666666667,4.4017528125
"185",93,"BB1","Apr",8.77804739583333,8.72106833333333,NA,70.0919302083333,300.951841930541,123.2127639375,0.272801661650242,0.00416666666666667,5.53595141666667
"186",93,"BB2","Apr",7.36209739583333,7.49062804166667,7.47855778472222,65.2780580536354,286.6160750625,119.3404043125,0.295248905004591,0.00208333333333333,4.4212776875
"187",94,"BB1","Apr",8.81647795833333,8.6886648125,NA,75.316083125,460.673768071119,195.629538458333,0.237690248361436,0,5.60242916666667
"188",94,"BB2","Apr",7.48687108333333,7.55301542361111,7.4597830625,71.2144197374313,418.385771229167,175.345471604167,0.265471623726369,0,4.37275854166667
"189",95,"BB1","Apr",8.84857297916667,8.74129395833333,NA,72.8146652083333,365.886401396517,151.13397875,0.299228056603768,0.0229166666666667,6.065495625
"190",95,"BB2","Apr",7.12909718055556,7.28186458333333,7.32254050694444,68.3719835161854,377.257055354167,155.155500458333,0.313947530611162,0.0625,4.8724124375
"191",96,"BB1","Apr",9.0637118125,8.8443114375,NA,74.035799375,533.637798374928,223.042199416667,0.318175025717901,0,6.74492933333333
"192",96,"BB2","Apr",7.7281135,7.65706670833333,7.467284625,69.7595949037938,509.816020833333,208.186622729167,0.330133574348885,0,4.958794375
"193",97,"BB1","Apr",9.43453939583333,9.16831595833333,NA,79.4881554166667,574.176172615131,235.7962724375,0.278957564343388,0,6.84593477083333
"194",97,"BB2","Apr",7.63793045833333,7.58221220138889,7.43625966666667,75.9552706446208,546.875331375,219.1555371875,0.303980735538481,0,4.79178795833333
"195",98,"BB1","Apr",9.948867875,9.55351258333333,NA,76.5834597916667,539.90907507181,225.066507770833,0.311689326392103,0,7.902923
"196",98,"BB2","Apr",8.2323775625,8.01675852777778,7.68761176388889,72.6545778650646,500.664290479167,206.8504453125,0.341762599143972,0,6.01836320833333
"197",99,"BB1","Apr",10.1118051875,9.774199,NA,76.9191122916667,594.170021473886,244.001612208333,0.339176091058068,0,7.84368129166667
"198",99,"BB2","Apr",8.15149755555556,8.04141785416667,7.68223301388889,73.0359898703896,553.596580270833,228.1436575,0.379592828550664,0,5.97242291666667
"199",100,"BB1","Apr",10.5196105,10.08089,NA,77.164876875,612.516149003927,250.979130145833,0.362906065674103,0,9.58681
"200",100,"BB2","Apr",8.74533496527778,8.30269235416667,7.87640792361111,73.3152595393688,568.134316708333,232.072481166667,0.392983284302453,0,7.57126870833333
"201",101,"BB1","Apr",11.1934814583333,10.6303375,NA,83.032,598.297112627549,237.983961458333,0.266775039462439,0,10.4880056041667
"202",101,"BB2","Apr",9.52328934027778,8.95210667361111,8.37028389583333,79.98224756,533.5239434375,214.131389104167,0.29018619589778,0,8.40240410416667
"203",102,"BB1","Apr",11.7379277083333,11.1383454166667,NA,68.4831322916667,623.143258626462,260.1674660625,0.467336340848037,0,10.566690125
"204",102,"BB2","Apr",9.73659147222222,9.3308140625,8.76962196527778,63.4499327169896,555.368065020833,236.788333375,0.476405508767177,0,8.94941283333333
"205",103,"BB1","Apr",11.3481614583333,11.037266875,NA,58.0671360416667,649.129058940058,273.6498300625,0.591711427594852,0,8.173382875
"206",103,"BB2","Apr",8.58314618055556,8.65600757638889,8.42139785416667,51.6139236982271,587.165723416667,252.360836104167,0.591389742650297,0,5.99194141666667
"207",104,"BB1","Apr",10.9962060416667,10.7555933333333,NA,62.8310883333333,623.106374402633,254.128830333333,0.544740165545445,0,8.80846297916667
"208",104,"BB2","Apr",8.42779635416667,8.18973594444445,7.9887998125,57.0273456058167,561.235863291667,234.421716520833,0.556629473819319,0,6.67771175
"209",105,"BB1","Apr",11.2820489583333,10.8832054166667,NA,72.857813125,639.440646795214,251.80871825,0.40568276154431,0,10.1929273125
"210",105,"BB2","Apr",9.5335080625,8.89516359722222,8.28234295833333,68.4210137883313,560.657852479167,235.435972333333,0.419961702434564,0,7.8090793125
"211",106,"BB1","Apr",11.7774027083333,11.2743752083333,NA,76.298058125,654.966086696162,265.87060625,0.419110123079214,0,11.0291091666667
"212",106,"BB2","Apr",9.83365301388889,9.29997769444445,8.61047817361111,72.3302673891812,557.8848981875,242.278932354167,0.447234611156755,0,8.82554258333333
"213",107,"BB1","Apr",12.1576845833333,11.631090625,NA,65.9536533333333,673.469532728759,274.909760958333,0.670406705137864,0,11.629153
"214",107,"BB2","Apr",9.66836013888889,9.20168806944444,8.69070809722222,60.5756098922667,588.9449584375,252.498086666667,0.693334286219027,0,9.308418625
"215",108,"BB1","Apr",12.2316291666667,11.8199329166667,NA,73.2088452083333,416.875823571663,157.572783958333,0.418278839100188,0.00625,10.6775910625
"216",108,"BB2","Apr",10.0924192569444,9.51285945833333,8.91022673611111,68.8199020755854,350.006234020833,144.162007125,0.441808023756441,0,8.53419110416667
"217",109,"BB1","Apr",12.5363733333333,11.96596125,NA,80.64776875,626.10308475652,247.5027799375,0.312919984137886,0.00208333333333333,12.7944898958333
"218",109,"BB2","Apr",11.4820888819444,10.4836803402778,9.52430211805556,77.2729740636875,558.2602090625,232.768778041667,0.362827872872262,0.00416666666666667,11.5611329791667
"219",110,"BB1","Apr",13.1716108333333,12.5414775,NA,82.0729235416667,546.402725637922,214.351704291667,0.275043228659383,0,12.0514447083333
"220",110,"BB2","Apr",12.1489623680556,11.1914703333333,10.1368303402778,78.8924202081021,492.401694104167,210.8367115625,0.319086402261878,0,10.49685975
"221",111,"BB1","Apr",13.2495904166667,12.69605125,NA,83.10069375,619.208507529284,244.683155208333,0.304241548945603,0,11.9903560625
"222",111,"BB2","Apr",12.2085458611111,11.2812102847222,10.3619425,80.0603063289375,551.943366791667,230.16541775,0.352402887024649,0,10.1074592291667
"223",112,"BB1","Apr",13.7850727083333,13.1696608333333,NA,80.0330927083333,536.077845012153,208.594732791667,0.284089112415125,0,11.637062375
"224",112,"BB2","Apr",12.1429635833333,11.5766954861111,10.7022885347222,76.5744992372604,455.577978875,189.61821425,0.326598227405726,0,10.5080863958333
"225",113,"BB1","Apr",13.2119758333333,12.9148327083333,NA,94.5398391666667,165.939352192564,59.6846736458333,0.0714319290137895,0.183333333333333,10.4185176458333
"226",113,"BB2","Apr",11.3973492361111,11.2326538888889,10.7252779097222,93.0589504402583,130.685600375,55.3691324583333,0.0617791053236674,0.28125,9.30378052083333
"227",114,"BB1","Apr",12.883140625,12.5929904166667,NA,89.464449375,516.414032047844,205.874398604167,0.161012140998706,0.00208333333333333,11.242663875
"228",114,"BB2","Apr",11.8428282847222,11.2139705486111,10.6087629236111,87.2916327582938,439.8330519375,186.998533416667,0.189891168200743,0.00416666666666667,9.7868536875
"229",115,"BB1","Apr",13.0866385416667,12.752630625,NA,81.5175664583333,346.999183701126,131.376792354167,0.288702630700678,0.00208333333333333,11.9847780416667
"230",115,"BB2","Apr",11.822842,11.2768482569444,10.6809053055556,78.2613512935979,301.070844416667,120.825618291667,0.313636457416815,0,10.6349046666667
"231",116,"BB1","Apr",13.3522364583333,12.91449875,NA,77.3138764583333,543.597387440223,218.586117854167,0.363829881867679,0.0854166666666667,12.8795146666667
"232",116,"BB2","Apr",12.3160546458333,11.7283094444444,11.0328822916667,73.4845722358979,495.014924791667,211.781706791667,0.406302005815989,0.11875,11.9443186041667
"233",117,"BB1","Apr",13.1303195833333,12.86340875,NA,78.7854745833333,398.375183933551,151.431221625,0.313596951626564,0.0791666666666667,11.0195963958333
"234",117,"BB2","Apr",11.5225235486111,11.2682555,10.8789551388889,75.1567933332792,353.640400145833,142.889459270833,0.334372023659705,0.11875,9.52133583333333
"235",118,"BB1","Apr",13.038791875,12.7069127083333,NA,74.9765158333333,604.045458036263,241.288602833333,0.397388070575934,0.0375,12.195121875
"236",118,"BB2","Apr",11.7780876736111,11.3525411805556,10.8745814305556,70.8285592368917,519.908861541667,218.702995416667,0.437396322649188,0.0479166666666667,11.1260105
"237",119,"BB1","Apr",12.9574270833333,12.7143860416667,NA,78.4673189583333,288.541732209606,103.572434583333,0.309166073820343,0,10.4670283333333
"238",119,"BB2","Apr",10.8425380763889,10.889251625,10.7029823888889,74.7952635519229,245.788538083333,96.4809444375,0.327997947360825,0,8.69816725
"239",120,"BB1","Apr",12.341395625,12.2454058333333,NA,86.5401822916667,259.397713163955,93.8141695,0.205868047407193,0.0395833333333333,10.6705454791667
"240",120,"BB2","Apr",10.7944687083333,10.5942732291667,10.3182204930556,83.9687003434896,224.538423625,89.3580100833333,0.228742264338061,0.0541666666666667,9.32881508333333
"241",121,"BB1","Apr",12.6402439583333,12.307829375,NA,73.9625758333333,661.647372175223,259.668152208333,0.393481509879462,0,12.394541
"242",121,"BB2","Apr",11.8648501875,11.1258285138889,10.4892241458333,69.6763887966917,561.425256895833,236.768843,0.445406481565448,0,11.2296972083333
"243",122,"BB1","May",13.3074016666667,12.826156875,NA,69.7989635416667,506.877873208207,197.4275700625,0.520650428190391,0.00625,13.3045839166667
"244",122,"BB2","May",12.7135241388889,11.8843128472222,11.0146346527778,64.9451512413021,443.272182979167,185.936381666667,0.546635665786379,0.0229166666666667,12.1686951666667
"245",123,"BB1","May",13.4107202083333,13.09135875,NA,82.2581579166667,187.257866023812,68.7826068541667,0.248077121410523,0.1875,11.80549275
"246",123,"BB2","May",11.7854222222222,11.6573802777778,11.2480456944444,79.1029075854458,153.873513416667,64.7084255625,0.274487350889069,0.283333333333333,10.8107475208333
"247",124,"BB1","May",12.6681779166667,12.5401827083333,NA,81.8211020833333,620.932500413988,247.081631458333,0.238482058738721,0.00625,9.5841933125
"248",124,"BB2","May",11.4862700902778,11.2458114583333,10.9439641319444,78.6062679303542,556.0593988125,237.112180729167,0.26583843332457,0.00625,7.91118920833333
"249",125,"BB1","May",12.6850654166667,12.518856875,NA,71.4352291666667,486.276835673998,190.549675166667,0.487385741541713,0.00625,11.5911281458333
"250",125,"BB2","May",11.1117654444444,10.9646785625,10.7478660625,66.8044889589583,406.960950395833,173.598428708333,0.511138577142937,0.00208333333333333,10.22926
"251",126,"BB1","May",13.2110827083333,12.7619152083333,NA,76.0060289583333,763.771510947473,302.623265479167,0.476159072952639,0.0270833333333333,14.2483063125
"252",126,"BB2","May",12.7178872708333,11.8821372847222,10.9866534722222,71.9984258862229,637.479655104167,278.157928833333,0.501583045239285,0.05625,12.8355045833333
"253",127,"BB1","May",14.4089352083333,13.7427897916667,NA,69.4267572916667,692.952763683751,279.839386916667,0.505253177211399,0.0416666666666667,13.1453963958333
"254",127,"BB2","May",12.9970642986111,12.4447286111111,11.6698825,64.5222021132396,588.164803854167,260.9445014375,0.553947427280113,0.0395833333333333,12.3663606875
"255",128,"BB1","May",14.2662127083333,13.76807,NA,71.8478297916667,784.441453520394,316.040929229167,0.491184160213987,0,12.58815775
"256",128,"BB2","May",12.1712751111111,11.9565529027778,11.5996421527778,67.2733394271646,657.147384958333,290.557764458333,0.534459875062639,0,11.4825812291667
"257",129,"BB1","May",14.4013058333333,13.87807625,NA,62.507419375,793.05681386223,319.118151708333,0.906041067595563,0,15.8038657708333
"258",129,"BB2","May",12.9310286875,12.35009675,11.6535224305556,56.6595508583938,655.808454604167,291.126413833333,0.930340526783003,0,14.1739039166667
"259",130,"BB1","May",15.06701125,14.370153125,NA,65.6074970833333,714.371579829693,277.604684979167,0.948550593345043,0,17.7822653541667
"260",130,"BB2","May",14.0118440277778,13.1320087916667,12.0434773611111,60.1822621607042,588.279977916667,254.185645791667,0.99536298767481,0,16.02728325
"261",131,"BB1","May",15.6638975,14.8918608333333,NA,64.6971033333333,738.255892428876,285.7803293125,1.02897742205714,0,18.7027238958333
"262",131,"BB2","May",14.6913164652778,13.6946881805556,12.4424282638889,59.1477544307667,597.287111166667,259.126744770833,1.07770998849248,0,17.0299743958333
"263",132,"BB1","May",16.1316775,15.3398333333333,NA,67.63138,577.944543240714,218.153325583333,0.878548292358174,0.127083333333333,18.0521279166667
"264",132,"BB2","May",15.1994047569444,14.1531306458333,12.8391614583333,62.4820610354,455.18280525,196.0518185,0.91790919004919,0.2,16.5909791875
"265",133,"BB1","May",15.9778366666667,15.475873125,NA,89.8345064583333,375.442282889617,140.00053025,0.190042387648037,0.254166666666667,14.1902647916667
"266",133,"BB2","May",14.8283173888889,14.2707041180556,13.3363053472222,87.7121397237979,335.123415791667,140.466604083333,0.246433582221729,0.425,13.455876125
"267",134,"BB1","May",15.8902620833333,15.4268289583333,NA,84.9080902083333,598.236325464455,229.97230225,0.261963830914647,0.0375,13.7701352083333
"268",134,"BB2","May",15.5487754097222,14.7198661041667,13.6935098611111,82.1141051464354,531.206708729167,221.127816583333,0.308892485321303,0.0395833333333333,12.6911613958333
"269",135,"BB1","May",15.9781877083333,15.48900375,NA,82.291305,708.890067358225,277.3576825,0.32084413589998,0.05,13.7608827083333
"270",135,"BB2","May",15.4952490416667,14.7731317291667,13.8940880555556,79.14057361065,607.48196,253.274289833333,0.344079134967159,0.116666666666667,12.1511767708333
"271",136,"BB1","May",15.9458935416667,15.4894058333333,NA,79.3375116666667,835.020612917491,329.086809854167,0.38341487576994,0,13.6125097708333
"272",136,"BB2","May",15.2776441180556,14.6944889861111,13.8548571527778,75.7840896321833,702.768315854167,297.498947208333,0.415113959211953,0,11.6116219791667
"273",137,"BB1","May",15.7935204166667,15.4477702083333,NA,82.9519816666667,230.218395197534,81.9115615208333,0.273981253534267,0.0770833333333333,13.8934952083333
"274",137,"BB2","May",14.0825136805556,14.0773965972222,13.7287688194444,79.8913203272833,197.3826005,76.4217812083333,0.304414491385684,0.125,12.7577939583333
"275",138,"BB1","May",15.337040625,15.0731533333333,NA,87.186139375,484.005888186261,190.184037875,0.24912016278974,0.245833333333333,13.8564185833333
"276",138,"BB2","May",14.5650444513889,14.0236181527778,13.4819296527778,84.7027207559938,415.6880434375,177.713473479167,0.282193663648374,0.252083333333333,12.8241381666667
"277",139,"BB1","May",15.769545625,15.3544435416667,NA,84.9878658333333,636.646436299028,255.703626041667,0.303247960726802,0.00208333333333333,13.9214372708333
"278",139,"BB2","May",14.7579361180556,14.2488801944444,13.6256296527778,82.2047565823917,533.565780479167,238.382844208333,0.337122013875537,0,12.2044074791667
"279",140,"BB1","May",16.2795245833333,15.73207125,NA,85.6673297916667,729.823195655371,287.147856104167,0.25708596641764,0,14.0885427083333
"280",140,"BB2","May",15.7323078680556,14.9155103263889,14.0064541527778,82.9768518621646,615.864513041667,264.530464083333,0.308614363124436,0,13.0542207708333
"281",141,"BB1","May",16.1450335416667,15.8018297916667,NA,86.0986179166667,306.289495232745,116.151195083333,0.21781457891963,0,13.144295
"282",141,"BB2","May",15.0702304513889,14.8224282013889,14.1921914583333,83.4669374972458,266.783790979167,116.849505791667,0.265369092932833,0,12.2102953333333
"283",142,"BB1","May",15.5863310416667,15.29365875,NA,74.78486625,763.552792707496,305.965595083333,0.403382015831285,0.0395833333333333,12.9606276458333
"284",142,"BB2","May",14.674180125,14.30522,13.8457784027778,70.6107820658625,581.2752610625,261.720065166667,0.454284658766915,0.0583333333333333,12.009681125
"285",143,"BB1","May",15.686703125,15.3993766666667,NA,75.0216570833333,475.540337390832,185.4354604375,0.40063602293855,0,13.3546385416667
"286",143,"BB2","May",14.6813389166667,14.3386954166667,13.8773161805556,70.8798545935042,434.767193625,192.661848270833,0.472379872888571,0,12.5355927916667
"287",144,"BB1","May",15.2160627083333,14.9934114583333,NA,82.3254320833333,533.46650325931,210.391219583333,0.287689503755493,0.0270833333333333,12.8931064583333
"288",144,"BB2","May",15.0823539722222,14.4621624791667,13.8770572916667,79.1793532392542,429.447044625,190.81296725,0.338966025115403,0.0145833333333333,12.0521579583333
"289",145,"BB1","May",15.5509177083333,15.1889,NA,74.635338125,531.365568602042,201.896825458333,0.46159191334645,0.0104166666666667,14.8670414583333
"290",145,"BB2","May",15.8913798611111,14.9963517222222,14.1116684027778,70.4408687715813,434.7490471875,186.435867125,0.500747707530637,0.0104166666666667,13.7848582708333
"291",146,"BB1","May",15.940356875,15.5404935416667,NA,92.5841185416667,427.551342996106,163.01505775,0.124374652995231,0.2125,14.0934766666667
"292",146,"BB2","May",15.8493445277778,15.2317630555556,14.4460280555556,90.8366064224521,355.2552576875,157.28305925,0.141393121292808,0.325,13.0903756458333
"293",147,"BB1","May",16.260500625,15.7730860416667,NA,74.7073004166667,829.203748979687,334.968940145833,0.481147193130408,0,14.8515004166667
"294",147,"BB2","May",15.8324183194444,15.3310962638889,14.5867406944444,70.5226416824708,680.528052895833,304.642692166667,0.541623086733829,0,13.7130153958333
"295",148,"BB1","May",16.465749375,15.9873427083333,NA,70.63636875,851.547615028074,338.7045166875,0.657499648462879,0,15.2936616666667
"296",148,"BB2","May",15.4231279652778,14.9642320625,14.4048199305556,65.8967199016875,704.254847041667,309.90840175,0.709367579201593,0,13.5816760416667
"297",149,"BB1","May",16.8477752083333,16.2317283333333,NA,68.8165083333333,714.603191537049,278.806034125,0.87367438522478,0,18.2740079166667
"298",149,"BB2","May",16.66383025,15.7348564305556,14.6788288194444,63.8287579144167,586.760337875,253.389826375,0.912538008063631,0,16.7786281666667
"299",150,"BB1","May",17.4800375,16.7452960416667,NA,77.2193566666667,636.687794605597,243.602066645833,0.542248161394196,0,17.8672720833333
"300",150,"BB2","May",17.4334381875,16.3689020625,15.1576349027778,73.3771665610333,517.853410958333,221.3654200625,0.609982954320701,0,16.6061605625
"301",151,"BB1","May",17.2310910416667,16.7517214583333,NA,93.4553533333333,117.983203101751,39.9965252708333,0.103584720648947,0.177083333333333,13.107716875
"302",151,"BB2","May",15.2680022986111,15.4833767986111,15.1406821458333,91.8266166532667,90.8305231041667,38.6087599791667,0.124466706450812,0.258333333333333,12.1700775208333
"303",152,"BB1","May",15.9114622916667,15.8486958333333,NA,84.0261316666667,330.954345418506,127.542343125,0.255746988844501,0.0104166666666667,12.39939525
"304",152,"BB2","May",14.4371532222222,14.4247083402778,14.4104285416667,81.1119091967833,258.913531270833,114.643559708333,0.289842577675051,0.00208333333333333,11.5279711041667
"305",153,"BB1","Jun",15.401153125,15.2795295833333,NA,76.8175810416667,736.395770600858,290.941749291667,0.422294670706604,0,13.542661375
"306",153,"BB2","Jun",15.1560194375,14.5158070208333,14.117159375,72.9206168650771,674.674868145833,297.956004020833,0.476621901522924,0,11.9290526666667
"307",154,"BB1","Jun",15.5853252083333,15.3362022916667,NA,82.394325,330.750721440475,125.578826333333,0.261707781627167,0.0833333333333333,12.4561679166667
"308",154,"BB2","Jun",14.1583991111111,14.2409345208333,14.0824081944444,79.25763832725,256.5674736875,113.345503375,0.268012228167252,0.125,11.0947840625
"309",155,"BB1","Jun",15.35175,15.10084625,NA,81.8889795833333,617.205004010703,240.86547825,0.325402826783244,0,13.57807225
"310",155,"BB2","Jun",14.7768884583333,14.2183946458333,13.7337296527778,78.6833991699292,517.356597208333,232.828516229167,0.369271650293734,0,12.0247088958333
"311",156,"BB1","Jun",15.7035285416667,15.3064464583333,NA,81.704448125,626.674455789607,246.6638969375,0.324866995099828,0,13.616604875
"312",156,"BB2","Jun",15.4497240625,14.7113720694444,13.9936075694444,78.4737105378812,518.037649125,230.238651645833,0.365527549594993,0,12.3089969791667
"313",157,"BB1","Jun",15.8756064583333,15.4783054166667,NA,81.0574704166667,713.216872931858,279.7033628125,0.366386104387265,0,13.9639743958333
"314",157,"BB2","Jun",15.5435152708333,14.8446699375,14.0873273611111,77.7385303585708,563.996247708333,254.130752729167,0.429433193849012,0,12.6336854375
"315",158,"BB1","Jun",16.4105402083333,15.8814714583333,NA,80.943668125,760.446540658372,302.4722323125,0.332547491081942,0.08125,13.5294587083333
"316",158,"BB2","Jun",16.2091882916667,15.3240752013889,14.366524375,77.6092134004813,623.950649916667,281.525752583333,0.368511716772339,0.0979166666666667,12.4367256041667
"317",159,"BB1","Jun",16.4583877083333,16.037548125,NA,79.611639375,858.23181359665,340.614764125,0.389781022628461,0,14.0332701458333
"318",159,"BB2","Jun",15.6249657638889,15.0512055347222,14.3697510416667,76.0955891709937,682.5254095625,310.987435270833,0.455374274515703,0,13.0614193125
"319",160,"BB1","Jun",16.4429897916667,16.0793704166667,NA,73.1116954166667,486.730754792524,190.620251145833,0.46303652546984,0,14.2763897916667
"320",160,"BB2","Jun",15.5440524652778,15.0772923472222,14.4488980555556,68.7095078528208,379.128434479167,176.898133,0.529677227640121,0,13.4767604583333
"321",161,"BB1","Jun",15.8128110416667,15.6325327083333,NA,96.9962227083333,175.670609634708,63.3716671666667,0.0411527042369656,0.183333333333333,12.245755625
"322",161,"BB2","Jun",13.8929304861111,14.0501530555556,14.0241645833333,95.8502127501604,121.280354270833,56.4777320833333,0.0351549353508411,0.285416666666667,11.3882118125
"323",162,"BB1","Jun",15.7558775,15.4556597916667,NA,89.6850260416667,366.681636072623,142.1646096875,0.226713968283229,0.01875,16.1626391666667
"324",162,"BB2","Jun",15.9458219027778,15.0614240555556,14.1706993055556,87.5422806419271,290.4956976875,128.300393229167,0.265528414724287,0.0291666666666667,15.3267984166667
"325",163,"BB1","Jun",16.5020633333333,15.9671602083333,NA,85.99465375,579.542747244941,228.327587958333,0.281287483215992,0,15.9296485416667
"326",163,"BB2","Jun",17.1157869375,16.0425535833333,14.8092349583333,83.3487998957375,469.0858705,208.229079208333,0.327923825389987,0,14.9331127708333
"327",164,"BB1","Jun",16.5537775,16.1551022916667,NA,92.7281822916667,304.57166510932,117.182309354167,0.118425388699613,0.239583333333333,13.798259375
"328",164,"BB2","Jun",15.8462382222222,15.5786041111111,14.9546095138889,91.0003103834896,257.139436979167,119.011968625,0.125020863747737,0.35625,12.7272329166667
"329",165,"BB1","Jun",16.3827820833333,16.0265416666667,NA,83.8528233333333,556.461632184555,219.263808041667,0.28207276340698,0.0125,13.823210625
"330",165,"BB2","Jun",16.2279768680556,15.5654309583333,14.9114350763889,80.9149737383667,446.1459069375,203.076978729167,0.324539806308477,0.00833333333333333,12.94762375
"331",166,"BB1","Jun",16.4291102083333,16.0716152083333,NA,82.6878964583333,526.468339039455,207.8102475625,0.28839639522709,0,13.6820395833333
"332",166,"BB2","Jun",16.0395827291667,15.5830904930556,15.0082068055556,79.5912323824979,416.721813625,192.3459815625,0.345948159661162,0,12.7934976041667
"333",167,"BB1","Jun",15.9730022916667,15.7471791666667,NA,91.5819141666667,197.509523010486,72.8340533958333,0.124160845125324,0.114583333333333,12.850256875
"334",167,"BB2","Jun",14.799863625,14.8821247222222,14.793400625,89.6977715250083,150.134324916667,68.4496895208333,0.138275332321626,0.170833333333333,11.9344510416667
"335",168,"BB1","Jun",15.8781264583333,15.5703889583333,NA,79.9109125,734.966570451563,294.546067666667,0.391153576997151,0,14.5953189375
"336",168,"BB2","Jun",15.4679768125,15.0312296736111,14.5814723611111,76.435662201125,554.002845541667,254.5264185625,0.458391313651174,0,13.7465438333333
"337",169,"BB1","Jun",16.4698277083333,15.9720333333333,NA,83.30985875,846.406993714753,336.074681583333,0.343330608997297,0,14.870865125
"338",169,"BB2","Jun",16.6699859027778,15.6680903541667,14.7633817430556,80.2979867933875,687.464399395833,310.911535979167,0.397379055021444,0,13.333727125
"339",170,"BB1","Jun",16.84525,16.2860147916667,NA,78.269170625,831.532136618819,322.309728520833,0.530147372292676,0,16.7093751458333
"340",170,"BB2","Jun",17.0829965,16.0857504930556,15.0694205138889,74.5701016563062,659.614929125,295.0876228125,0.603848810525669,0,15.1149859791667
"341",171,"BB1","Jun",17.3709727083333,16.7595864583333,NA,80.4785495833333,606.353081487982,229.359531645833,0.500996476816109,0.0166666666666667,18.0923927083333
"342",171,"BB2","Jun",18.0430328541667,16.777884625,15.4676531388889,77.0806852480292,481.213539,208.24025925,0.546726546403092,0.0229166666666667,16.7116446458333
"343",172,"BB1","Jun",17.7723266666667,17.2060622916667,NA,95.5905547916667,260.878348398756,97.8764910208333,0.0899122766305605,0.141666666666667,17.0563829166667
"344",172,"BB2","Jun",17.9221954722222,17.1152448472222,15.9478510069444,94.2529101264146,212.752742395833,92.9668513541667,0.0842341485539228,0.160416666666667,16.0947517083333
"345",173,"BB1","Jun",17.64834625,17.15008375,NA,82.8227027083333,662.408780503042,266.832426520833,0.341484416333727,0,16.035690625
"346",173,"BB2","Jun",18.032465,17.1655494652778,16.124414125,79.7444167685604,533.113526291667,241.694945708333,0.381330539109278,0,15.0238184375
"347",174,"BB1","Jun",17.4443504166667,17.027703125,NA,76.22087375,720.405879420547,276.5579574375,0.552789978169526,0,17.357946875
"348",174,"BB2","Jun",18.0178944513889,17.0437267291667,16.0685765902778,72.2425604683375,589.5798534375,255.3239446875,0.587119697810221,0,15.6828410416667
"349",175,"BB1","Jun",17.795645625,17.2589577083333,NA,86.827858125,414.284603187118,154.305395979167,0.357408630573047,0.0145833333333333,19.1121372916667
"350",175,"BB2","Jun",18.3853906458333,17.4238897638889,16.1970242430556,84.2955950231812,327.749506979167,139.782644125,0.400039945566098,0.0104166666666667,17.8440642083333
"351",176,"BB1","Jun",18.3107585416667,17.7272004166667,NA,88.7632870833333,566.535313276883,224.806109833333,0.271258931774621,0.06875,18.564038125
"352",176,"BB2","Jun",19.1404298263889,17.9491925347222,16.5832710486111,86.4948810114042,463.267276416667,208.262796104167,0.324654694394402,0.05625,17.7035232291667
"353",177,"BB1","Jun",18.7206435416667,17.999894375,NA,83.45959625,769.653152248025,307.995395854167,0.429878893429254,0,19.0536464583333
"354",177,"BB2","Jun",19.4490334652778,18.2309829166667,16.8327892569444,80.4681380067625,614.193622854167,273.298528354167,0.515444082764879,0,18.265834875
"355",178,"BB1","Jun",18.7379510416667,18.1879235416667,NA,87.9967391666667,527.502059674406,206.539999583333,0.246044920596763,0.00208333333333333,16.5496895833333
"356",178,"BB2","Jun",18.6142675208333,17.9130315277778,16.8731690555556,85.6238296172583,425.1570675,190.1120543125,0.302020400334403,0.00208333333333333,15.336684
"357",179,"BB1","Jun",18.126488125,17.7950795833333,NA,84.9203079166667,347.286395825051,139.833859708333,0.283659039022771,0.00416666666666667,15.8749089583333
"358",179,"BB2","Jun",17.5834727847222,17.2669254722222,16.6486123125,82.1279884949458,282.494291375,133.6025038125,0.34233872070315,0,15.14197075
"359",180,"BB1","Jun",17.6943279166667,17.3471675,NA,81.7787208333333,710.605981061864,290.433594145833,0.419536926111297,0,16.4747827291667
"360",180,"BB2","Jun",17.9930146736111,17.2908523333333,16.4418012708333,78.5581088445417,589.092885208333,268.0568511875,0.500591250419977,0,15.6357779166667
"361",181,"BB1","Jun",17.988511875,17.5356420833333,NA,83.5866191666667,833.939911966028,336.949800791667,0.360367460944042,0,16.99749125
"362",181,"BB2","Jun",18.7262615763889,17.724569125,16.5818392916667,80.6124779576583,673.208682104167,308.328411520833,0.442288272299581,0,15.825948375
"363",182,"BB1","Jun",17.9615420833333,17.5772129166667,NA,83.7991025,333.863774509804,133.6698605625,0.304676290818272,0.0395833333333333,15.5754164583333
"364",182,"BB2","Jun",17.3393971597222,17.1332725277778,16.5950691041667,80.853929143825,272.542178625,128.116514145833,0.362872803784678,0.05,14.8602381458333
"365",183,"BB1","Jul",17.1622616666667,17.025478125,NA,93.5216329166667,126.335870421051,44.8434549375,0.102361140298999,0.0666666666666667,13.776956875
"366",183,"BB2","Jul",15.6190582430556,16.0395767777778,16.0750054305556,91.9019321321958,94.2982476875,42.162607875,0.128606674728308,0.0854166666666667,12.9995179166667
"367",184,"BB1","Jul",16.4886645833333,16.444739375,NA,86.7892220833333,320.136725582726,127.6848485625,0.225568373090509,0.0729166666666667,14.4445997916667
"368",184,"BB2","Jul",16.0984607986111,15.9435817152778,15.7227381111111,84.2516917299542,252.3342418125,120.688394166667,0.281412960286607,0.133333333333333,13.7322989583333
"369",185,"BB1","Jul",16.2162964583333,16.087421875,NA,96.91844375,245.134733591039,94.5989871875,0.0475296046160699,0.327083333333333,13.0650441666667
"370",185,"BB2","Jul",15.74235675,15.7060698125,15.5606767222222,95.7618301864375,190.331560354167,89.0731313333333,0.0399252084191212,0.383333333333333,12.2351479166667
"371",186,"BB1","Jul",16.2901008333333,16.0389279166667,NA,83.9452041666667,491.914222442601,203.333666875,0.326669479284971,0,15.2477652083333
"372",186,"BB2","Jul",16.3697468958333,15.9086975277778,15.4708753680556,81.0199488507083,365.666541270833,172.068924666667,0.378693144514179,0.00208333333333333,14.1876385833333
"373",187,"BB1","Jul",16.6847179166667,16.3162204166667,NA,80.3620602083333,800.39921916911,326.540872020833,0.467331299252483,0,15.8305395833333
"374",187,"BB2","Jul",16.8754207152778,16.0592291458333,15.4265447430556,76.9483148765354,644.133843083333,296.890738291667,0.558533322353646,0,14.1350327916667
"375",188,"BB1","Jul",17.0835427083333,16.7061725,NA,81.9498410416667,674.432025243576,273.399949041667,0.367171011228783,0,15.41850075
"376",188,"BB2","Jul",17.2355837152778,16.4866740625,15.7236070138889,78.7525578708771,544.444379625,251.934912208333,0.429705445771981,0,14.1606993541667
"377",189,"BB1","Jul",17.1961202083333,16.7828420833333,NA,79.6937160416667,689.632271903457,276.400863645833,0.386128901152795,0.00416666666666667,15.9905429166667
"378",189,"BB2","Jul",18.4575319652778,17.3327972083333,16.1764067291667,76.1888553496271,552.834676708333,255.0424199375,0.460713393453409,0,15.197982625
"379",190,"BB1","Jul",17.4394279166667,16.997185625,NA,78.6883504166667,723.751752178112,288.902655708333,0.444225870029516,0.00208333333333333,16.8184720833333
"380",190,"BB2","Jul",19.1821992916667,17.9881615277778,16.6352630763889,75.0464282289708,588.214841145833,268.899165270833,0.514205916456734,0.00208333333333333,16.0063633541667
"381",191,"BB1","Jul",17.6308639583333,17.2041925,NA,89.77704,466.463316807009,191.322515916667,0.202407838015655,0.0520833333333333,15.9426095833333
"382",191,"BB2","Jul",18.5883169444444,17.8897018958333,16.8136823472222,87.6468388632,381.870907166667,178.035253291667,0.230107960585774,0.06875,15.0671414791667
"383",192,"BB1","Jul",17.3523591666667,17.0497883333333,NA,81.3187489583333,712.024736833976,287.18367775,0.393389721898853,0,16.023086875
"384",192,"BB2","Jul",18.2464881597222,17.4632349791667,16.5155589652778,78.0354290038229,580.4818153125,270.523797604167,0.454746569987119,0,14.5519370416667
"385",193,"BB1","Jul",17.233416875,16.9882491666667,NA,91.6311991666667,265.32675991813,99.45269175,0.147045308164561,0.0416666666666667,14.795614375
"386",193,"BB2","Jul",16.8082852430556,16.7331804375,16.2568307152778,89.7537755490583,198.552528541667,91.7523737916667,0.155756609413497,0.05625,13.5393639166667
"387",194,"BB1","Jul",17.0574322916667,16.7790770833333,NA,79.0406910416667,794.133533969136,325.2714730625,0.456922947646913,0,16.3260977083333
"388",194,"BB2","Jul",17.5459443333333,16.8148966805556,16.0774792847222,75.4468034513771,615.006141541667,288.3332094375,0.515159060295839,0,15.4233443333333
"389",195,"BB1","Jul",17.1468283333333,16.856154375,NA,77.1869304166667,781.370085884195,317.788902041667,0.535144874205473,0,16.4104233958333
"390",195,"BB2","Jul",17.3083345694444,16.7083980069444,15.9516902430556,73.3403196403708,617.237507083333,288.4429364375,0.59073931492303,0,15.025499625
"391",196,"BB1","Jul",17.21070875,16.8881227083333,NA,77.8612089583333,819.962209957083,326.63079425,0.579047451116339,0,17.4654671875
"392",196,"BB2","Jul",17.5614275486111,16.7846410694444,15.8900823402778,74.1065225756229,644.677757041667,297.788199854167,0.654311541594333,0,16.0022899583333
"393",197,"BB1","Jul",17.5836547916667,17.1513352083333,NA,80.922405,820.893750853885,320.381746625,0.500806122569035,0,18.6697245833333
"394",197,"BB2","Jul",18.7631696597222,17.6143581666667,16.3615353402778,77.58505147365,646.1412721875,290.69179225,0.570188739267817,0,17.3986751458333
"395",198,"BB1","Jul",17.8471052083333,17.4211379166667,NA,89.0297508333333,525.642814878194,207.2514013125,0.2687170063527,0,18.2033864583333
"396",198,"BB2","Jul",18.9390167013889,17.9500429097222,16.7645787708333,86.7976717644417,411.085844020833,189.743657270833,0.313538445564751,0,17.3390988333333
"397",199,"BB1","Jul",18.0642083333333,17.5859710416667,NA,80.2103697916667,675.41426425226,269.060294145833,0.464151245388755,0,18.436846875
"398",199,"BB2","Jul",19.320996,18.3038731597222,17.0872725763889,76.7759445053646,546.311086354167,250.777700916667,0.550856906972057,0,17.5698013125
"399",200,"BB1","Jul",17.7959266666667,17.4717414583333,NA,79.3103597916667,825.960284405664,322.973060979167,0.571094649730056,0,18.3439402916667
"400",200,"BB2","Jul",18.5644835069444,17.7644888125,16.7776821666667,75.7532361420646,641.712241208333,292.454123979167,0.66246515625608,0,17.0821928541667
"401",201,"BB1","Jul",18.1441435416667,17.69317375,NA,79.3613927083333,730.330851279923,285.608080458333,0.54910012273276,0,20.5337154166667
"402",201,"BB2","Jul",19.0026538888889,18.1261703263889,17.0659145208333,75.8112263762604,564.693821625,258.051555020833,0.640642496398666,0,19.5643708125
"403",202,"BB1","Jul",18.6517685416667,18.0754195833333,NA,77.6714185416667,827.181513911258,322.532380833333,0.674005152543654,0,22.0756729166667
"404",202,"BB2","Jul",20.3823346111111,18.9486394583333,17.5302723194444,73.8908580314521,642.272183291667,290.220563979167,0.778711510610413,0,21.2539972916667
"405",203,"BB1","Jul",19.0041245833333,18.40622,NA,81.94094,810.931040439228,315.072988604167,0.495879707692946,0,20.35990625
"406",203,"BB2","Jul",20.726347375,19.4014635902778,17.9681773888889,78.7424433502,627.751308791667,284.880735625,0.580780608484288,0,19.544378
"407",204,"BB1","Jul",18.9899260416667,18.4921954166667,NA,86.7988408333333,626.638220185722,246.904296520833,0.304098140236789,0,18.1394047916667
"408",204,"BB2","Jul",20.1083642847222,19.1783213680556,18.0633659583333,84.2626218041417,490.7052290625,225.784195708333,0.3788379319433,0,17.4008693541667
"409",205,"BB1","Jul",18.5396239583333,18.230045,NA,84.287940625,530.605484640536,208.520090270833,0.312352873236586,0,16.7768522916667
"410",205,"BB2","Jul",19.3132549027778,18.678800875,17.8440059305556,81.4094105704063,436.3675499375,204.830510333333,0.390534699723284,0,16.0706893125
"411",206,"BB1","Jul",17.980065,17.7685345833333,NA,81.5998947916667,576.227722729911,228.693810125,0.374954880198833,0,16.3596308333333
"412",206,"BB2","Jul",19.1343963958333,18.4312574166667,17.6540246458333,78.3549034486146,501.770692416667,233.781641125,0.457133078728672,0,15.649034375
"413",207,"BB1","Jul",17.3571110416667,17.2879647916667,NA,78.66240375,789.828777852307,309.2148995625,0.543784295861422,0,16.4314543333333
"414",207,"BB2","Jul",17.8071672083333,17.4827599513889,16.8950276944444,75.0169442532375,627.5686303125,290.337588520833,0.605084354243335,0,14.925392875
"415",208,"BB1","Jul",17.41188875,17.2132579166667,NA,74.7056354166667,815.437576339661,318.221643416667,0.823427980846763,0,19.8951812708333
"416",208,"BB2","Jul",18.3705194027778,17.6910755416667,16.8665777013889,70.5207496930208,635.808730083333,289.5683449375,0.930398808816906,0,18.5077089166667
"417",209,"BB1","Jul",17.9897791666667,17.574335,NA,77.162301875,803.397830753328,313.098467,0.837673254948159,0,22.1183883333333
"418",209,"BB2","Jul",20.0722510902778,18.7238444097222,17.4057659861111,73.3123334896188,627.747494729167,281.920950520833,0.95208363810131,0,20.8063469166667
"419",210,"BB1","Jul",18.4576752083333,18.0080489583333,NA,80.5238252083333,710.472036415957,277.1207685625,0.491739055074795,0,18.7035495833333
"420",210,"BB2","Jul",19.6419169583333,18.7424940972222,17.6943937222222,77.1321332989854,558.255255333333,255.009619854167,0.577745045944496,0,17.748640625
"421",211,"BB1","Jul",17.890673125,17.67244875,NA,73.0812735416667,807.520614975327,312.4150781875,0.845998924298764,0,19.2699402291667
"422",211,"BB2","Jul",18.8359823402778,18.0826530694444,17.1595531944444,68.6749385636021,631.139371270833,284.577788916667,0.913389660419407,0,17.6541827083333
"423",212,"BB1","Jul",17.9854802083333,17.6877597916667,NA,71.6431202083333,783.564219555719,309.499288229167,1.03309948893648,0,21.5018416666667
"424",212,"BB2","Jul",18.8763884444444,18.0884784375,17.1774437847222,67.0407217863354,615.323797958333,279.757033833333,1.15231558583632,0,20.3450681875
"425",213,"BB1","Jul",18.3464464583333,17.9653441666667,NA,76.7880072916667,487.774751446471,191.698201208333,0.566575024722773,0,19.57402625
"426",213,"BB2","Jul",19.0473862708333,18.2862862152778,17.4351458472222,72.8870113257396,389.837072895833,177.119235583333,0.639715890493927,0,18.6808948333333
"427",214,"BB1","Aug",17.9581727083333,17.69523625,NA,84.9547095833333,756.731163093746,299.040490666667,0.366185159639727,0,17.7284910416667
"428",214,"BB2","Aug",18.7922904097222,18.1008316458333,17.2532915972222,82.1670801408292,598.805377729167,272.914347416667,0.421869899030009,0,16.4353443125
"429",215,"BB1","Aug",17.7252741666667,17.5286322916667,NA,81.644050625,644.747652469705,248.859116354167,0.454666936510274,0,18.5735527083333
"430",215,"BB2","Aug",18.574215,17.8293119444444,17.0152737013889,78.4050790467062,510.377600708333,229.902889479167,0.519885571393182,0,17.3405873541667
"431",216,"BB1","Aug",17.9539610416667,17.5908952083333,NA,84.8338183333333,748.091714890241,292.149154625,0.411964089525512,0,19.3600616666667
"432",216,"BB2","Aug",19.5304571458333,18.4527515902778,17.3927647013889,82.0297077867167,588.307259541667,261.792940229167,0.472022586213713,0,18.0027813541667
"433",217,"BB1","Aug",18.05203375,17.7044758333333,NA,81.995365,755.196469188919,296.286229416667,0.559792592655573,0,19.7978808333333
"434",217,"BB2","Aug",19.2019681875,18.3029806319444,17.3102775,78.80428811045,603.691244333333,269.943914104167,0.642124338634346,0,18.4474453958333
"435",218,"BB1","Aug",17.9214875,17.6639777083333,NA,78.6908377083333,759.981782437995,302.951132625,0.55592133448078,0,18.2312766666667
"436",218,"BB2","Aug",18.5147375625,17.8651725833333,17.0807230416667,75.0492546131104,608.0102436875,276.8361471875,0.600345573687413,0,16.7946139583333
"437",219,"BB1","Aug",17.8857616666667,17.6521795833333,NA,88.6815154166667,307.604271534133,121.4397396875,0.236138572655454,0.35625,16.827456875
"438",219,"BB2","Aug",17.9577977222222,17.6195044930556,17.10891875,86.4019614134208,267.3058056875,120.315024166667,0.267287176862782,0.44375,15.9933491458333
"439",220,"BB1","Aug",17.5475214583333,17.4170520833333,NA,88.0801845833333,385.304027213711,148.890821,0.233988921639897,0.05,16.053364375
"440",220,"BB2","Aug",17.7258120416667,17.4106120833333,16.9404229513889,85.7186511475792,309.406363208333,136.8955974375,0.252752414011002,0.0729166666666667,15.1609690625
"441",221,"BB1","Aug",17.5470189583333,17.3320860416667,NA,85.9841289583333,493.813667257159,213.862806229167,0.317814941983695,0.05625,16.9574341666667
"442",221,"BB2","Aug",18.0142601111111,17.4836485486111,16.9255519305556,83.3368402592229,418.130163416667,189.712494270833,0.364536538981713,0.0458333333333333,16.03640125
"443",222,"BB1","Aug",17.3783845833333,17.2337027083333,NA,80.4668789583333,725.920600066329,293.523041395833,0.476298127897242,0,17.2376695625
"444",222,"BB2","Aug",17.3578239513889,17.0608883402778,16.4987325277778,77.0674235667229,600.712240395833,269.364984,0.542155186662252,0,15.8648556458333
"445",223,"BB1","Aug",17.4381425,17.2429395833333,NA,83.0462491666667,629.24186923359,258.562670770833,0.420875045769627,0,17.08130625
"446",223,"BB2","Aug",17.4734340416667,17.0457241319444,16.4494188125,79.9984393155583,520.166990166667,237.271551479167,0.489345406836022,0,15.6065900208333
"447",224,"BB1","Aug",17.175473125,17.1082114583333,NA,85.678929375,514.038332371918,208.944932354167,0.314716959717316,0,15.8154419791667
"448",224,"BB2","Aug",16.7267495625,16.5268239722222,16.0731776180556,82.9900328166938,419.208329291667,193.3986675625,0.358367165499773,0,14.4128884791667
"449",225,"BB1","Aug",16.772365625,16.7816141666667,NA,81.0903172916667,470.247522356549,195.758368354167,0.38810920768776,0,14.8398175208333
"450",225,"BB2","Aug",16.1595356875,16.08093825,15.7511352361111,77.7758552480396,405.203914875,188.022252,0.437535381595,0,13.4957175833333
"451",226,"BB1","Aug",16.2534920833333,16.328813125,NA,83.4988575,696.987034553631,284.5394081875,0.360714947121278,0,15.1296502291667
"452",226,"BB2","Aug",16.1162259444444,15.8540062847222,15.397503625,80.512751742975,566.721830166667,260.234448270833,0.406381500147977,0,12.8211864583333
"453",227,"BB1","Aug",16.2226554166667,16.1666795833333,NA,76.0507685416667,704.118371808445,280.284278541667,0.619569676585209,0,17.0816955625
"454",227,"BB2","Aug",16.4614414861111,15.9718358402778,15.4041171180556,72.0492648169521,570.289875041667,256.415274520833,0.668856658581283,0,15.1792933333333
"455",228,"BB1","Aug",16.599073125,16.368115625,NA,77.00526,713.051597669217,284.124441854167,0.730071185153368,0,19.27097225
"456",228,"BB2","Aug",17.2418505694444,16.5647694097222,15.7875583888889,73.1338820958,573.758550083333,256.8351456875,0.819660938502476,0,17.8558027083333
"457",229,"BB1","Aug",17.09095625,16.7171766666667,NA,73.664931875,691.376838185277,271.665868125,1.06992758538857,0.00208333333333333,22.6676747916667
"458",229,"BB2","Aug",19.0440701597222,17.6578595347222,16.3949363263889,69.3381670375188,554.882154604167,245.258695125,1.16867588345296,0.00208333333333333,21.301945125
"459",230,"BB1","Aug",18.2395070833333,17.6106410416667,NA,73.9673654166667,700.66036109873,277.0471911875,0.783599957439548,0,22.1440295833333
"460",230,"BB2","Aug",20.1160702430556,18.6900971597222,17.2729324791667,69.6818313439208,567.2187678125,250.085178520833,0.852042921729973,0,21.0546743125
"461",231,"BB1","Aug",18.0473372916667,17.6397566666667,NA,83.9261560416667,697.68944508991,277.331957708333,0.42185139315116,0,18.6998041666667
"462",231,"BB2","Aug",18.3856440208333,17.6991469375,16.8363144583333,80.9983038948271,569.726631208333,252.395362458333,0.473253693691183,0,17.5297977916667
"463",232,"BB1","Aug",17.6124385416667,17.375645,NA,84.1750552083333,533.82480160099,205.077631645833,0.417387402899613,0,18.8244341666667
"464",232,"BB2","Aug",18.0083078888889,17.2876863611111,16.4731290069444,81.2811354848854,432.907038291667,186.319897770833,0.466499382653676,0,17.1827685625
"465",233,"BB1","Aug",17.9577183333333,17.6066983333333,NA,91.1615816666667,245.691469600123,94.8509832916667,0.218326574649708,0.116666666666667,19.1374733333333
"466",233,"BB2","Aug",18.7343213541667,17.8687964236111,16.9887258055556,89.2201350952833,204.825935083333,87.0323277083333,0.236827543110431,0.152083333333333,18.2418424375
"467",234,"BB1","Aug",18.1304925,17.8082620833333,NA,91.2889722916667,206.676679971648,85.3606128333333,0.183191685509829,0.141666666666667,18.2814714583333
"468",234,"BB2","Aug",18.18990925,17.6853708194444,17.0354317986111,89.3648928841896,182.461908270833,79.2058256666667,0.205185421583134,0.147916666666667,17.4244086041667
"469",235,"BB1","Aug",17.499600625,17.368886875,NA,79.454105625,641.074444556604,271.851087020833,0.484751909520074,0.00208333333333333,16.6615989583333
"470",235,"BB2","Aug",16.9251049513889,16.8851882569444,16.4716036319444,75.9165788448562,547.837115395833,248.639785416667,0.547070977110549,0,15.5980801666667
"471",236,"BB1","Aug",17.1118329166667,17.0697414583333,NA,85.9239704166667,513.196601899473,213.4032930625,0.316310118056065,0,16.0010318958333
"472",236,"BB2","Aug",16.4555869513889,16.3334417777778,15.9976716944444,83.2684803035708,437.908083770833,196.795797916667,0.39281576802567,0,14.7740926666667
"473",237,"BB1","Aug",17.3054777083333,17.0998285416667,NA,86.215116875,457.597983991639,195.291124208333,0.319778347691206,0.01875,17.1572885416667
"474",237,"BB2","Aug",17.3011295138889,16.8433466041667,16.2442397430556,83.5993187585688,405.468390229167,184.306438104167,0.36495522761665,0.0229166666666667,16.0059581666667
"475",238,"BB1","Aug",16.9540764583333,16.8925704166667,NA,86.15607,550.828574343825,238.0223030625,0.343403982043024,0,15.907460625
"476",238,"BB2","Aug",16.3388617847222,16.2225593333333,15.7724818958333,83.5322220231,477.614026375,219.456549770833,0.399017190108236,0,14.272208375
"477",239,"BB1","Aug",16.70053,16.68040625,NA,83.219373125,578.764340272949,248.468745479167,0.404219264556747,0,16.32253325
"478",239,"BB2","Aug",15.7807068680556,15.7652783333333,15.4134244097222,80.1951652631313,509.479588,231.658266416667,0.472794867306689,0,15.2360627083333
"479",240,"BB1","Aug",16.5416870833333,16.5145585416667,NA,82.6225816666667,587.594896175162,252.071078958333,0.451401256300701,0,16.3931372083333
"480",240,"BB2","Aug",16.0016868472222,15.8205312708333,15.3428164305556,79.5170132252833,518.397836479167,236.710595625,0.491423245612581,0,14.7203869166667
"481",241,"BB1","Aug",16.374045,16.3617852083333,NA,87.758725625,597.75187718256,257.337025979167,0.294104756674732,0,15.5725006666667
"482",241,"BB2","Aug",15.8396791388889,15.6243362916667,15.1862290763889,85.3533676894562,515.013869958333,235.015253333333,0.3327853650537,0,13.9566128541667
"483",242,"BB1","Aug",16.5794895833333,16.46934875,NA,72.3292614583333,591.54422442217,263.475891666667,0.557980637384767,0,16.1295862291667
"484",242,"BB2","Aug",15.11303175,15.1520883472222,15.0586814583333,67.8204046729479,503.996484083333,240.8116923125,0.644961484769686,0,15.2493163958333
"485",243,"BB1","Aug",15.7555685416667,15.92214875,NA,88.253344375,437.331902092582,181.146565458333,0.231841308622979,0.0208333333333333,13.3965034583333
"486",243,"BB2","Aug",14.5546106111111,14.7176626180556,14.577115,85.9154178136438,370.129244541667,169.430661958333,0.24615307433794,0.0291666666666667,11.7481631666667
"487",244,"BB1","Aug",15.9760241666667,15.9044785416667,NA,86.2600497916667,346.731054060483,148.618250041667,0.273645929189012,0,15.65830125
"488",244,"BB2","Aug",16.3800375763889,15.6934475625,15.1564068055556,83.6503773797646,314.137115708333,142.988503375,0.287545129165072,0,14.5679979166667
"489",245,"BB1","Sep",16.4225566666667,16.2140285416667,NA,82.1023714583333,408.430506439206,173.595453375,0.413505455858501,0,18.035035
"490",245,"BB2","Sep",17.7015018888889,16.6497533472222,15.7440493611111,78.9258827592479,344.224890020833,156.064664208333,0.47409283715978,0,16.9993099791667
"491",246,"BB1","Sep",16.590708125,16.37615375,NA,91.6641622916667,430.934942070206,185.8099366875,0.204179408257849,0,16.444209375
"492",246,"BB2","Sep",17.0610585277778,16.4986510138889,15.7675372569444,89.7912325368896,355.280638645833,162.176122583333,0.23820519849135,0,15.0911750208333
"493",247,"BB1","Sep",16.4140502083333,16.29719125,NA,85.0716310416667,553.787693175023,238.522668,0.407596513315468,0,16.7981765833333
"494",247,"BB2","Sep",16.1930711458333,15.9326916041667,15.3398669305556,82.2999415015771,478.9337779375,218.8144776875,0.468930027535942,0,15.215409375
"495",248,"BB1","Sep",16.5000889583333,16.338693125,NA,84.356073125,493.428504904112,220.235592291667,0.486905501559115,0,18.2740358333333
"496",248,"BB2","Sep",16.53739825,16.0826030625,15.4068019861111,81.4868315741312,425.091801479167,199.680096791667,0.541770075774929,0,16.7175279583333
"497",249,"BB1","Sep",16.7009939583333,16.5117366666667,NA,87.9586683333333,448.086340263224,198.384848395833,0.25866950723398,0,16.3471141666667
"498",249,"BB2","Sep",16.3708054791667,15.9956175277778,15.4285623888889,85.5805685872167,399.890318083333,188.5088244375,0.296498347819045,0,15.064701
"499",250,"BB1","Sep",16.5943297916667,16.4386197916667,NA,87.5290379166667,418.356173526351,180.121220875,0.317946894974054,0,17.2844839583333
"500",250,"BB2","Sep",16.5936915833333,16.0264542430556,15.4030705347222,85.0923666558458,347.8511983125,158.9527973125,0.366483931009936,0,15.7551503541667
"501",251,"BB1","Sep",16.57428125,16.42739,NA,66.8996752083333,525.467950709869,235.858142666667,1.017870466405,0,20.0761535416667
"502",251,"BB2","Sep",15.9987979027778,15.810306625,15.3953408819444,61.6506029294854,455.203158916667,215.186733875,1.02086103773476,0,19.0613967291667
"503",252,"BB1","Sep",16.257956875,16.2555758333333,NA,53.16272625,512.816557688921,228.3267341875,1.2183575699011,0,18.1202521666667
"504",252,"BB2","Sep",14.1485526180556,14.6074171319444,14.6590175,46.0408957196625,433.400189833333,207.395011,1.23201449856804,0,16.5131987916667
"505",253,"BB1","Sep",15.7785379166667,15.83091625,NA,71.6178122916667,540.657123854022,232.33070475,0.858600521095824,0,17.5644861875
"506",253,"BB2","Sep",14.7479364305556,14.8121077222222,14.5394041041667,67.0119636413896,454.309942395833,210.360635791667,0.912467009555601,0,15.8464984791667
"507",254,"BB1","Sep",15.9209827083333,15.8398195833333,NA,74.1134789583333,529.164437922742,225.872654958333,0.928564189517053,0,19.3424680833333
"508",254,"BB2","Sep",15.6123975,15.3254131458333,14.7624381805556,69.8478645447229,451.823331458333,204.122540520833,0.972379692604545,0,17.6898257083333
"509",255,"BB1","Sep",15.983776875,15.9246733333333,NA,82.898933125,459.631304579825,204.0571119375,0.405506458405563,0,15.6413337916667
"510",255,"BB2","Sep",14.8864177430556,14.9382197361111,14.5804026388889,79.8310396779313,391.7565706875,188.035962958333,0.436912463354079,0,13.825339375
"511",256,"BB1","Sep",15.46602875,15.5934647916667,NA,93.510845625,184.152895388037,98.2557785416667,0.114160903586539,0,13.1346659375
"512",256,"BB2","Sep",13.1047150694444,13.8239565347222,13.9457451388889,91.8896742090563,154.116251875,92.1021002708333,0.117796612412032,0,11.0665887708333
"513",257,"BB1","Sep",15.04074875,15.1680666666667,NA,94.7252510416667,115.873853586501,53.3380475208333,0.0923882978523648,0,13.0161270416667
"514",257,"BB2","Sep",13.5165545138889,13.7772705555556,13.822758125,93.2696395161771,97.9409066875,50.236525125,0.104069891664518,0,11.7168576041667
"515",258,"BB1","Sep",14.6920933333333,14.850360625,NA,95.2226172916667,159.598908547831,70.3872780208333,0.0981238923596483,0.0145833333333333,13.4560074791667
"516",258,"BB2","Sep",13.7913801805556,13.8296931111111,13.7531967361111,93.8348117070396,133.4416245625,65.5839715833333,0.0983957400345019,0.01875,12.2656816458333
"517",259,"BB1","Sep",15.2960414583333,15.1409285416667,NA,86.5757216666667,249.480159694015,112.779266833333,0.354592537114698,0.0604166666666667,18.5579025
"518",259,"BB2","Sep",16.6344452847222,15.4999419375,14.7088251319444,84.0090848014833,221.585331916667,103.952450125,0.385427762040262,0.0770833333333333,17.69839225
"519",260,"BB1","Sep",15.8354833333333,15.5993816666667,NA,94.2735654166667,237.743349665629,121.781865666667,0.144325807947186,0.00208333333333333,17.1028952083333
"520",260,"BB2","Sep",16.4147006180556,15.8749138472222,15.1262946527778,92.7563755899208,210.8178280625,112.440883104167,0.166366952403939,0.00625,16.2415482291667
"521",261,"BB1","Sep",16.0974897916667,15.8611660416667,NA,94.5407352083333,220.717552345848,115.763901770833,0.131868049251456,0,17.39611625
"522",261,"BB2","Sep",16.3284287291667,15.8149474236111,15.1800464444444,93.0599686392854,193.273584041667,106.7864078125,0.164974441242508,0,16.5848966041667
"523",262,"BB1","Sep",15.970795,15.8319083333333,NA,97.8562870833333,131.03665635984,58.1288040208333,0.0429677793948536,0,15.4797133333333
"524",262,"BB2","Sep",15.6702052222222,15.3628624861111,14.9542414583333,96.8275297014042,112.727362520833,53.869757,0.036856089850594,0,14.3135153333333
"525",263,"BB1","Sep",15.874820625,15.7704633333333,NA,95.4151525,123.476595437811,54.1740069166667,0.0871120874577969,0.0541666666666667,15.0345279166667
"526",263,"BB2","Sep",15.3558421041667,15.2868204236111,14.9748672916667,94.053595240325,110.2082606875,51.1296150208333,0.0877842802896324,0.0833333333333333,13.8390760625
"527",264,"BB1","Sep",15.5523345833333,15.50835375,NA,89.7562408333333,382.205766025505,183.475872270833,0.225691546934415,0,15.0035536041667
"528",264,"BB2","Sep",15.2720284166667,15.1334149861111,14.7508909027778,87.6232041461417,355.6236840625,170.9706118125,0.249639974560798,0,13.576424375
"529",265,"BB1","Sep",15.1456781818182,15.3305245454545,NA,98.7704527272727,94.1661261033257,39.5268793636364,0.0216363960024615,0,11.5160010454545
"530",265,"BB2","Sep",14.7456221597222,14.6090111041667,14.3250586111111,86.163197938475,239.691923208333,113.254524875,0.274198204949409,0.00208333333333333,13.4531440625
"531",266,"BB1","Sep",15.5776039393939,15.4444124242424,NA,77.0443196969697,515.064267936712,243.625724606061,0.476626254031289,0,17.1639348484848
"532",266,"BB2","Sep",15.3819866805556,15.1199295625,14.7096208333333,81.3768630300312,327.720544541667,157.8890525625,0.362162981741935,0,14.9593297291667
"533",267,"BB1","Sep",15.5615970833333,15.477433125,NA,94.8704747916667,68.6177587550463,27.6248168958333,0.0918404519295627,1.20416666666667,15.2192364583333
"534",267,"BB2","Sep",14.5363814652778,14.6291377083333,14.59115125,93.4346616200146,60.9548921666667,26.9616754583333,0.0861896807568106,1.35416666666667,14.2126802083333
"535",268,"BB1","Sep",15.133684375,15.050171875,NA,92.9683939583333,227.293478561446,106.926295458333,0.126399002089245,0.291666666666667,14.925029375
"536",268,"BB2","Sep",14.7602830625,14.579486875,14.4619355555556,91.2732701066729,217.288374833333,104.739031395833,0.160573355938153,0.24375,14.0321007916667
"537",269,"BB1","Sep",15.2743033333333,15.157040625,NA,83.8974685416667,261.826769542448,129.630619958333,0.300790729689486,0.26875,15.0538747916667
"538",269,"BB2","Sep",14.6959811944444,14.6480938194444,14.5250704861111,80.9657054279521,248.093065708333,122.190668479167,0.369474254714406,0.241666666666667,14.2260483333333
"539",270,"BB1","Sep",14.921454375,14.9775620833333,NA,95.315100625,144.461844290765,65.5138148333333,0.0702607322435226,0.0291666666666667,12.7544775
"540",270,"BB2","Sep",13.828619375,14.1251279861111,14.2629784027778,93.9399032932063,128.3525411875,61.4487885208333,0.0880978264727402,0.0270833333333333,11.7582934166667
"541",271,"BB1","Sep",14.600514375,14.6532570833333,NA,91.0774527083333,259.663107093056,125.490992,0.170800409667285,0.00208333333333333,13.5408807708333
"542",271,"BB2","Sep",14.1232239583333,14.0215288194444,13.9140805555556,89.1245368360604,229.392503583333,109.79908675,0.208148275860543,0.00208333333333333,12.1892937916667
"543",272,"BB1","Sep",14.6395147058824,14.6886532352941,NA,85.8091817647059,511.849808140228,248.444958823529,0.321403518647949,0,14.5784344705882
"544",272,"BB2","Sep",13.6037890138889,13.8020155625,13.7224954861111,83.6019343437375,352.327437083333,167.820600979167,0.38291471759721,0,12.8288385625
"545",273,"BB2","Sep",NA,NA,NA,100.804689722222,NA,27.2089141111111,-0.00657353426914046,0,5.76791844444444
