"","jday","Site","month_local","co2","ch4","co2gC","ch4gC","ch4mgC"
"1",1,"BB2","1",0.258613695652174,0.00269864365217391,0.268354121885217,0.00280028536668939,2.80028536668939
"2",2,"BB2","1",0.582198692307692,0.0268818576923077,0.604126623854769,0.0278943359804308,27.8943359804308
"3",3,"BB2","1",0.324883909090909,0.00717220545454545,0.337120336642909,0.00744233940078546,7.44233940078546
"4",4,"BB2","1",0.380765307692308,0.0165426121538462,0.395106452241231,0.0171656730980086,17.1656730980086
"5",5,"BB2","1",0.3905146875,0.0057825814375,0.40522303269,0.006000376584762,6.000376584762
"6",7,"BB1","1",-0.0284653333333333,0.01164,-0.029537451648,0.01207840896,12.07840896
"7",7,"BB2","1",0.556234,0.00853333333333333,0.577183997376,0.0088547328,8.8547328
"8",8,"BB1","1",0.65852825,0.011745,0.683331058008,0.01218736368,12.18736368
"9",8,"BB2","1",0.0553097677419355,0.00164672025806452,0.0573929548341677,0.00170874232986426,1.70874232986426
"10",9,"BB2","1",0.290745380952381,0.00160590476190476,0.301696014980571,0.00166638955885714,1.66638955885714
"11",10,"BB1","1",0.463612333333333,0.00983144666666667,0.481073828256,0.01020173827392,10.20173827392
"12",10,"BB2","1",0.561738,0.000884,0.582895300032,0.000917294976,0.917294976
"13",11,"BB1","1",0.596081416666667,0.00592941366666667,0.618532227144,0.006152739103008,6.152739103008
"14",11,"BB2","1",0.672822066666667,-0.00504502666666667,0.6981632369856,-0.00523504255104,-5.23504255104
"15",12,"BB1","1",-0.657196885714286,0.0143050793571429,-0.681949549217829,0.0148438658660503,14.8438658660503
"16",12,"BB2","1",0.261466666666667,-0.00725666666666667,0.2713145472,-0.00752998176,-7.52998176
"17",13,"BB1","1",0.1274849125,0.00211263811875,0.1322865042444,0.0021922085208546,2.1922085208546
"18",13,"BB2","1",0.258179536585366,-0.00277924390243902,0.267903610651317,-0.00288392134478049,-2.88392134478049
"19",14,"BB1","1",0.171487191304348,0.0043334747826087,0.177946084877635,0.00449669077682087,4.49669077682087
"20",14,"BB2","1",0.184827068965517,0.00402986206896552,0.191788395691034,0.00418164279393103,4.18164279393103
"21",15,"BB2","1",0.321618161290323,-0.00497716129032258,0.333731587717161,-0.00516462109316129,-5.16462109316129
"22",16,"BB2","1",0.4035518,0.00361493333333333,0.4187511749952,0.0037510861824,3.7510861824
"23",24,"BB2","1",0.547766714285714,0.0288727142857143,0.568397799812571,0.0299601761965714,29.9601761965714
"24",25,"BB2","1",0.412543555555556,-0.00136544444444444,0.428081596032,-0.001416872544,-1.416872544
"25",26,"BB2","1",0.469087391304348,0.00745704347826087,0.486755098810435,0.00773790556382609,7.73790556382609
"26",27,"BB2","1",0.178747526315789,0.00724863157894737,0.185479873146947,0.00752164403873684,7.52164403873684
"27",28,"BB2","1",-0.0823959,0.0027499,-0.0854992591776,0.0028534722336,2.8534722336
"28",29,"BB2","1",0.38723625,0.0081005125,0.40182111612,0.0084056102028,8.4056102028
"29",30,"BB2","1",0.153791272727273,-0.00673635909090909,0.159583667223273,-0.00699007731970909,-6.99007731970909
"30",31,"BB2","1",0.796215,-0.00646,0.82620364176,-0.00670330944,-6.70330944
"31",32,"BB2","2",0.1617212,-0.0020186,0.1678122672768,-0.0020946285504,-2.0946285504
"32",33,"BB2","2",-0.353200142857143,0.00702085714285714,-0.366503073037714,0.00728529070628572,7.28529070628572
"33",34,"BB2","2",-0.0467058,-0.0004891,-0.0484649272512,-0.0005075214624,-0.5075214624
"34",35,"BB2","2",0.809366666666667,0.00459666666666667,0.8398506528,0.00476979552,4.76979552
"35",39,"BB2","2",-0.173853571428571,-0.001247,-0.180401592342857,-0.001293967008,-1.293967008
"36",40,"BB2","2",-0.5109188,0.003702,-0.5301620456832,0.003841432128,3.841432128
"37",41,"BB1","2",-0.359333181818182,-0.00662818181818182,-0.372867106778182,-0.00687782565818182,-6.87782565818182
"38",41,"BB2","2",-0.706676769230769,-0.0117194615384615,-0.733293043067077,-0.0121608633378462,-12.1608633378462
"39",42,"BB1","2",-0.0304669166666667,0.00531475,-0.031614422616,0.005514924744,5.514924744
"40",42,"BB2","2",0.124951173913043,0.043123347826087,0.129657334927304,0.0447475455986087,44.7475455986087
"41",43,"BB2","2",-0.3371736,-0.00836093333333333,-0.3498729064704,-0.0086758395264,-8.6758395264
"42",44,"BB1","2",0.329624555555556,0.00550555555555556,0.342039534816,0.0057129168,5.7129168
"43",44,"BB2","2",0.0506235384615385,0.0660456153846154,0.0525302234141538,0.0685331574424615,68.5331574424615
"44",45,"BB1","2",-0.110273076923077,-0.00156030384615385,-0.114426402092308,-0.00161907113021538,-1.61907113021538
"45",45,"BB2","2",0.20698,0.00288656521739131,0.21477569472,0.00299528480973913,2.99528480973913
"46",46,"BB2","2",1.11625625,0.000255166666666666,1.1582989254,0.000264777264,0.264777264
"47",47,"BB1","2",0.26613659375,0.00334440625,0.276160362417,0.003470369967,3.470369967
"48",47,"BB2","2",0.127222888888889,-0.00461077777777778,0.132014611776,-0.004784438112,-4.784438112
"49",48,"BB1","2",-0.107114153846154,0.00474461538461538,-0.111148501336615,0.00492331657846154,4.92331657846154
"50",48,"BB2","2",-0.0444866785714286,-0.00415900714285714,-0.0461622248331429,-0.00431565198788571,-4.31565198788571
"51",49,"BB1","2",-0.3176293125,0.0010025,-0.329592502926,0.00104025816,1.04025816
"52",49,"BB2","2",-0.674234391304348,-0.0132539565217391,-0.699628755418435,-0.0137531535401739,-13.7531535401739
"53",50,"BB1","2",-0.3432486,0.01762,-0.3561767152704,0.01828363968,18.28363968
"54",50,"BB2","2",0.121723368421053,0.0166242263157895,0.126307957369263,0.0172503611757474,17.2503611757474
"55",51,"BB2","2",-0.849692428571429,-0.0377421428571429,-0.881695244201143,-0.0391636629257143,-39.1636629257143
"56",52,"BB2","2",0.668801541666667,0.0104302083333333,0.693991282932,0.0108230517,10.8230517
"57",53,"BB2","2",-0.9289526,-0.0029646,-0.9639406707264,-0.0030762586944,-3.0762586944
"58",54,"BB1","2",0.112203230769231,-0.00679561538461539,0.116429253252923,-0.00705156544246154,-7.05156544246154
"59",54,"BB2","2",0.15947516,0.00873632,0.16548163242624,0.00906536475648,9.06536475648
"60",55,"BB1","2",0.274150633333333,0.00441814666666667,0.2844762427872,0.00458455174272,4.58455174272
"61",55,"BB2","2",0.0510039411764706,0.0137957352941176,0.0529249536169412,0.0143153378682353,14.3153378682353
"62",56,"BB1","2",0.390592333333333,0.00492288888888889,0.405303602976,0.005108304576,5.108304576
"63",56,"BB2","2",0.262554047619048,0.00201999523809524,0.272442883268571,0.00209607633874286,2.09607633874286
"64",57,"BB2","2",-0.898402235294118,-0.000349987176470588,-0.932239657084235,-0.000363169093485177,-0.363169093485177
"65",58,"BB1","2",0.0517991052631579,0.0102369473684211,0.0537500667637895,0.0106225117541053,10.6225117541053
"66",58,"BB2","2",-0.7468503,-0.0055967,-0.7749796696992,-0.0058074941088,-5.8074941088
"67",59,"BB1","2",-0.651937428571429,0.00121428571428571,-0.676491999881143,0.00126002057142857,1.26002057142857
"68",59,"BB2","2",-0.0309262727272727,0.0176037272727273,-0.0320910798632727,0.0182667540567273,18.2667540567273
"69",60,"BB1","2",-0.0557141,0.001239,-0.0578125158624,0.001285665696,1.285665696
"70",60,"BB2","2",-0.0180735333333333,0.00505066666666667,-0.0187542548928,0.005240894976,5.240894976
"71",61,"BB1","3",-0.215476736842105,0.00228547368421053,-0.223592452658526,0.00237155376505263,2.37155376505263
"72",61,"BB2","3",-0.00183166666666665,-0.006624875,-0.00190065455999998,-0.006874394292,-6.874394292
"73",62,"BB1","3",0.3943332,0.008224,0.4091853656448,0.008533748736,8.533748736
"74",62,"BB2","3",-0.721523,-0.01761,-0.748698442272,-0.01827326304,-18.27326304
"75",63,"BB1","3",0.5255263,0.1106852,0.5453197225632,0.1148540473728,114.8540473728
"76",63,"BB2","3",1.37424104347826,0.0281299130434783,1.42600045813983,0.0291893980883478,29.1893980883478
"77",64,"BB1","3",0.11466840625,0.0068011875,0.118987277103,0.007057347426,7.057347426
"78",64,"BB2","3",0.218178483870968,0.00619341935483871,0.226395958287484,0.00642668830141935,6.42668830141935
"79",65,"BB1","3",0.208173,0.00664666666666667,0.216013627872,0.00689700672,6.89700672
"80",65,"BB2","3",0.373004739130435,0.00610754347826087,0.387053589625043,0.00633757799582609,6.33757799582609
"81",66,"BB1","3",0.098594,0.0451243076923077,0.102307444416,0.0468238696172308,46.8238696172308
"82",66,"BB2","3",-0.549700458333333,0.002364375,-0.570404376396,0.00245342682,2.45342682
"83",67,"BB1","3",-0.214420833333333,-0.00740333333333333,-0.2224967796,-0.00768217248,-7.68217248
"84",67,"BB2","3",-0.062238125,-0.0049285,-0.06458226174,-0.005114127024,-5.114127024
"85",68,"BB1","3",0.225805913043478,0.00835782608695652,0.234310666952348,0.00867261524869565,8.67261524869565
"86",68,"BB2","3",-0.466221952380952,-0.00907679047619048,-0.483781735995429,-0.00941865871268571,-9.41865871268571
"87",69,"BB1","3",0.4878665,0.0208,0.506241503856,0.0215834112,21.5834112
"88",69,"BB2","3",-0.449736153846154,-0.0118226923076923,-0.466675016344615,-0.0122679821907692,-12.2679821907692
"89",70,"BB1","3",-0.27861,0.006185,-0.28910356704,0.00641795184,6.41795184
"90",70,"BB2","3",0.288318888888889,0.00652788888888889,0.29917813152,0.006773755296,6.773755296
"91",71,"BB1","3",0.377511318181818,0.0118704545454545,0.391729904469818,0.0123175433454545,12.3175433454545
"92",71,"BB2","3",-0.0667571081081081,-0.00127110810810811,-0.0692714478278919,-0.00131898312389189,-1.31898312389189
"93",72,"BB1","3",-0.00653164705882352,0.00815823529411765,-0.00677765501364705,0.00846550706823529,8.46550706823529
"94",72,"BB2","3",-0.146412733333333,0.00706797666666667,-0.1519272225216,0.00733418493984,7.33418493984
"95",73,"BB1","3",0.115107342857143,0.0103437142857143,0.119442745818514,0.0107332999405714,10.7332999405714
"96",73,"BB2","3",0.0711894166666667,0.00287220277777778,0.073870694856,0.0029803814232,2.9803814232
"97",74,"BB1","3",0.274604558139535,0.00876697674418605,0.284947264217302,0.00909717615627907,9.09717615627907
"98",74,"BB2","3",0.0134799574468085,0.00225563829787234,0.0139876665640851,0.0023405946587234,2.3405946587234
"99",75,"BB1","3",-0.238765096774194,0.0188579677419355,-0.247757945379097,0.0195682342389677,19.5682342389677
"100",75,"BB2","3",-0.202584555555556,0.000746111111111111,-0.210214700256,0.00077421264,0.77421264
"101",76,"BB1","3",-0.445553777777778,-0.00223461111111111,-0.462335115264,-0.002318775504,-2.318775504
"102",76,"BB2","3",-0.55808068,0.0009244,-0.57910023073152,0.0009592166016,0.9592166016
"103",77,"BB1","3",-0.628964538461538,0.0117586538461538,-0.652653858838154,0.0122015317846154,12.2015317846154
"104",77,"BB2","3",-0.09682452,0.00885672,-0.10047131872128,0.00919029950208,9.19029950208
"105",78,"BB1","3",0.156803333333333,0.0126344444444444,0.16270917408,0.01311030816,13.11030816
"106",78,"BB2","3",0.053230611111111,0.00622522222222222,0.0552354888479999,0.006459688992,6.459688992
"107",79,"BB1","3",0.389340411764706,0.00317176470588235,0.404004529033412,0.00329122605176471,3.29122605176471
"108",79,"BB2","3",-0.151648833333333,-0.00648558333333333,-0.157360534992,-0.006729856344,-6.729856344
"109",80,"BB1","3",-0.053191275862069,0.00721441379310345,-0.055194672076138,0.0074861374742069,7.4861374742069
"110",80,"BB2","3",0.0746111304347826,0.0236698869565217,0.0774212840514783,0.0245613895788522,24.5613895788522
"111",81,"BB1","3",0.277398653846154,0.0172352307692308,0.287846596744615,0.0178843785009231,17.8843785009231
"112",81,"BB2","3",0.13425144,0.020384,0.13930788623616,0.021151742976,21.151742976
"113",82,"BB1","3",0.0947501333333333,5.88999999999996e-05,0.0983188023552,6.11184095999996e-05,0.0611184095999996
"114",82,"BB2","3",0.120164863636364,0.0431757727272727,0.124690753060364,0.0448019450312727,44.8019450312727
"115",83,"BB1","3",0.0626582727272727,0.0328,0.0650182339112727,0.0340353792,34.0353792
"116",83,"BB2","3",-0.384484571428571,0.0232569285714286,-0.398965798326857,0.0241328775291429,24.1328775291429
"117",84,"BB2","3",0.291857352941176,-0.00284264705882353,0.302849868282353,-0.00294971251764706,-2.94971251764706
"118",85,"BB1","3",-0.264895666666667,0.00669272222222222,-0.274872697056,0.006944796912,6.944796912
"119",85,"BB2","3",-0.322174307692308,0.0134173846153846,-0.334308680817231,0.0139227369895385,13.9227369895385
"120",86,"BB1","3",0.255154842105263,0.00547868421052632,0.264764994078316,0.00568503337263158,5.68503337263158
"121",86,"BB2","3",0.174780444444444,-0.000140777777777777,0.181363375104,-0.000146080032,-0.146080032
"122",87,"BB2","3",-0.433899,0.00426666666666667,-0.450241371936,0.0044273664,4.4273664
"123",88,"BB1","3",0.102937333333333,0.01502,0.106814365056,0.01558571328,15.58571328
"124",88,"BB2","3",-0.14090275,0.002815975,-0.146209711176,0.0029220358824,2.9220358824
"125",89,"BB1","3",0.00773336842105262,0.00568994736842105,0.00802463800926315,0.00590425354610526,5.90425354610526
"126",89,"BB2","3",0.0619773103448276,-0.0010055275862069,0.0643116237616552,-0.00104339977721379,-1.04339977721379
"127",90,"BB1","3",0.116293705882353,0.0351973529411765,0.120673792020706,0.0365230260423529,36.5230260423529
"128",90,"BB2","3",0.0430806842105263,0.0172863157894737,0.0447032751006316,0.0179373875873684,17.9373875873684
"129",91,"BB1","3",-0.111740551724138,-0.00014096551724138,-0.115949147864276,-0.000146274842482759,-0.146274842482759
"130",91,"BB2","3",-0.151536647058824,-0.00632185294117647,-0.157244123333647,-0.00655995921035294,-6.55995921035294
"131",92,"BB1","4",-0.175942363636364,0.00363454545454545,-0.182569056820364,0.00377143697454545,3.77143697454545
"132",92,"BB2","4",-0.277519444444444,-0.0004285,-0.2879719368,-0.000444639024,-0.444639024
"133",93,"BB1","4",0.121342775,0.01486195,0.1259130292776,0.0154217104848,15.4217104848
"134",93,"BB2","4",-0.0110237096774194,0.0117644516129032,-0.0114389066787097,0.0122075479184516,12.2075479184516
"135",94,"BB1","4",-0.06814946875,0.0059471875,-0.070716250341,0.00617118237,6.17118237
"136",94,"BB2","4",-0.485234310344828,0.00302724137931034,-0.503510175409655,0.00314125939862069,3.14125939862069
"137",95,"BB1","4",-0.0750185714285714,0.00887964285714286,-0.0778440709028572,0.00921408572571429,9.21408572571429
"138",95,"BB2","4",-0.147988921052632,0.00389810526315789,-0.153562775775158,0.00404492349978947,4.04492349978947
"139",96,"BB1","4",-0.313500576923077,0.00315423076923077,-0.325308262652308,0.00327303171692308,3.27303171692308
"140",96,"BB2","4",0.7955777,0.0210614666666667,0.8255423384928,0.0218547257472,21.8547257472
"141",97,"BB1","4",-0.106751774193548,0.00752787096774194,-0.110772473016774,0.00781140069987097,7.81140069987097
"142",97,"BB2","4",-0.590717333333333,0.000925314444444446,-0.612966110976,0.000960165487680001,0.960165487680001
"143",98,"BB1","4",-0.133162307692308,0.0152276538461538,-0.138177732849231,0.0158011882006154,15.8011882006154
"144",98,"BB2","4",-0.526130193548387,0.00718632258064516,-0.545946361158194,0.00745698823432258,7.45698823432258
"145",99,"BB1","4",-0.583395571428571,0.00935704761904762,-0.605368582230857,0.00970947146057143,9.70947146057143
"146",99,"BB2","4",-0.882041060606061,0.00371918181818182,-0.915262255112727,0.00385926108218182,3.85926108218182
"147",100,"BB1","4",-0.449310034482759,-0.000477827586206897,-0.466232847621517,-0.000495824484413793,-0.495824484413793
"148",100,"BB2","4",-0.958201230769231,0.0229709153846154,-0.994290921924923,0.0238360919416615,23.8360919416615
"149",101,"BB1","4",0.000308142857142859,0.0135121428571429,0.000319748749714287,0.0140210642057143,14.0210642057143
"150",101,"BB2","4",-1.21366231818182,-0.0213481818181818,-1.25937369573382,-0.0221522397381818,-22.1522397381818
"151",102,"BB1","4",-0.0559113333333333,0.0109598666666667,-0.058017177792,0.0113726590848,11.3726590848
"152",102,"BB2","4",-0.54071565625,0.00454453125,-0.561081170727,0.004715696475,4.715696475
"153",103,"BB1","4",-0.433679366666667,0.0158019,-0.4500134663328,0.0163970627616,16.3970627616
"154",103,"BB2","4",-0.773051862068966,-0.0177554827586207,-0.802168087401931,-0.0184242252612414,-18.4242252612414
"155",104,"BB1","4",-0.240983111111111,-0.00313355555555555,-0.250059499008,-0.003251577792,-3.251577792
"156",104,"BB2","4",-0.136899655172414,0.0133549310344828,-0.142055843784828,0.0138579311569655,13.8579311569655
"157",105,"BB1","4",-0.1069745,0.0038525,-0.111003587568,0.00399760056,3.99760056
"158",105,"BB2","4",-0.76998688,-0.0249376,-0.79898766584832,-0.0258768497664,-25.8768497664
"159",106,"BB1","4",-0.298378466666667,0.0130038333333333,-0.3096165932352,0.013493609712,13.493609712
"160",106,"BB2","4",-0.0764732222222222,0.0089626037037037,-0.079353509664,0.0093001712096,9.3001712096
"161",107,"BB1","4",0.615201666666667,0.0410963333333333,0.63837262224,0.042644185632,42.644185632
"162",107,"BB2","4",-0.522485481481482,0.00624292592592593,-0.542164374656,0.006478059488,6.478059488
"163",108,"BB1","4",-0.429905941176471,0.00389882352941176,-0.446097918544941,0.00404566881882353,4.04566881882353
"164",108,"BB2","4",-0.513034789473684,0.0408656842105263,-0.532357731784421,0.0424048493406316,42.4048493406316
"165",109,"BB2","4",-0.0493795517241379,0.006595,-0.0512393831602759,0.00684339408,6.84339408
"166",110,"BB2","4",-0.0291523793103448,0.0223221724137931,-0.0302503745246897,0.0231629147155862,23.1629147155862
"167",111,"BB2","4",-0.202218111111111,0.00445296296296296,-0.209834454048,0.00462067936,4.62067936
"168",112,"BB2","4",-0.465505129032258,0.0237561451612903,-0.483037914212129,0.0246508966126452,24.6508966126452
"169",113,"BB2","4",0.901291,-0.00375166666666667,0.935237224224,-0.00389296944,-3.89296944
"170",114,"BB2","4",-1.25845232142857,0.00286175,-1.30585066966286,0.002969534952,2.969534952
"171",115,"BB1","4",-0.1429927,0.011567,-0.1483783770528,0.012002659488,12.002659488
"172",115,"BB2","4",-0.732695870967742,0.0101035161290323,-0.760292128251871,0.0104840549605161,10.4840549605161
"173",116,"BB1","4",-0.0928096666666667,0.0112873,-0.096305249952,0.0117124248672,11.7124248672
"174",116,"BB2","4",-0.119784714285714,0.0219659642857143,-0.124296285764571,0.0227932903645714,22.7932903645714
"175",117,"BB1","4",-0.439161607142857,0.0125960714285714,-0.455702189914286,0.0130704898628571,13.0704898628571
"176",117,"BB2","4",-0.150819666666667,0.0354371904761905,-0.156500138592,0.0367718968182857,36.7718968182857
"177",118,"BB1","4",-0.489074789473684,0.0141368421052632,-0.507495302344421,0.0146692921263158,14.6692921263158
"178",118,"BB2","4",-0.783700464285714,0.00878968571428571,-0.813217758572571,0.00912074043702857,9.12074043702857
"179",119,"BB1","4",-0.529105481481482,0.0126066666666667,-0.549033710336,0.01308148416,13.08148416
"180",119,"BB2","4",-0.0229434827586207,0.0151098275862069,-0.0238076260932414,0.0156789241324138,15.6789241324138
"181",120,"BB1","4",-0.412393526315789,-0.00622,-0.427925916090947,-0.00645427008,-6.45427008
"182",120,"BB2","4",-0.7645526875,-0.0413764375,-0.793348799922,-0.042934839642,-42.934839642
"183",121,"BB1","4",-0.820570371428571,-0.00618177142857143,-0.851476333898057,-0.00641460166765714,-6.41460166765714
"184",121,"BB2","4",-0.900799888888889,0.00576577777777778,-0.934727615904,0.005982940032,5.982940032
"185",122,"BB1","5",-0.340547060606061,0.0147981515151515,-0.353373425096727,0.0153555090938182,15.3555090938182
"186",122,"BB2","5",-0.292931133333333,0.0033626,-0.3039640915392,0.0034892489664,3.4892489664
"187",123,"BB1","5",0.912302,0.016814,0.946662942528,0.017447282496,17.447282496
"188",123,"BB2","5",0.804042157894737,0.00973478947368421,0.834325601729684,0.0101014405844211,10.1014405844211
"189",124,"BB1","5",-0.49658665625,0.00111125,-0.515290096071,0.00115310412,1.15310412
"190",124,"BB2","5",-1.63514852380952,0.0222428571428571,-1.69673475781029,0.0230806121142857,23.0806121142857
"191",125,"BB1","5",-0.959323794117647,0.0123129117647059,-0.995455765499294,0.0127766652734118,12.7766652734118
"192",125,"BB2","5",-1.06473865384615,0.001417,-1.10484097050462,0.001470369888,1.470369888
"193",126,"BB1","5",-0.98914924137931,0.0112757655172414,-1.02640455840662,0.0117004559496828,11.7004559496828
"194",126,"BB2","5",-0.918283966666667,0.00360176333333333,-0.9528702139872,0.00373742014752,3.73742014752
"195",127,"BB1","5",-0.579784285714286,0.0160242857142857,-0.601621281051428,0.0166278244114286,16.6278244114286
"196",127,"BB2","5",-0.803197694444444,0.00526672222222222,-0.833449332408,0.005465088048,5.465088048
"197",128,"BB1","5",-1.47919736666667,0.00755816666666667,-1.5349098562848,0.007842837456,7.842837456
"198",128,"BB2","5",-0.471601083333333,0.000916869444444445,-0.489363466536,0.0009514024152,0.9514024152
"199",129,"BB1","5",-1.43833282142857,0.0214562857142857,-1.49250618881486,0.0222644152594286,22.2644152594286
"200",129,"BB2","5",-0.703130413793103,0.00791946206896552,-0.729613117698207,0.00821774068833103,8.21774068833103
"201",130,"BB1","5",-0.0993157083333333,0.0416616666666667,-0.103056335172,0.04323081168,43.23081168
"202",130,"BB2","5",-0.725649458333333,0.006146375,-0.752980319532,0.006377872068,6.377872068
"203",131,"BB1","5",0.139942533333333,0.0653916,0.1452133289088,0.0678545092224,67.8545092224
"204",131,"BB2","5",-1.044849625,0.0346104104166667,-1.084202841276,0.0359139769146,35.9139769146
"205",132,"BB1","5",-1.50446490909091,0.035922,-1.56112907542691,0.037274966208,37.274966208
"206",132,"BB2","5",-1.19468185,0.0042476,-1.2396783471984,0.0044075816064,4.4075816064
"207",133,"BB1","5",-0.932871208333333,0.0215416666666667,-0.968006869524,0.022353012,22.353012
"208",133,"BB2","5",-0.924097142857143,0.00845711428571429,-0.958902337645715,0.00877564303817143,8.77564303817143
"209",134,"BB1","5",-1.26735502857143,0.0175478,-1.31508868836754,0.0182087203392,18.2087203392
"210",134,"BB2","5",-1.59260870967742,0.0138553870967742,-1.65259272411871,0.0143772363963871,14.3772363963871
"211",135,"BB1","5",-1.41881620588235,0.00689294117647059,-1.47225449946071,0.00715255691294118,7.15255691294118
"212",135,"BB2","5",-2.5874792,-0.01627965,-2.6849340165888,-0.0168928067376,-16.8928067376
"213",136,"BB1","5",-0.990670970588235,0.0202488529411765,-1.02798360202447,0.0210115057383529,21.0115057383529
"214",136,"BB2","5",-1.44517758333333,0.001090575,-1.499608751832,0.0011316504168,1.1316504168
"215",137,"BB1","5",0.697594666666667,0.0273133333333333,0.723868872192,0.02834206272,28.34206272
"216",137,"BB2","5",0.423018222222222,0.00777682222222222,0.438950780544,0.0080697284544,8.0697284544
"217",138,"BB1","5",-0.848254821428571,0.0254735357142857,-0.880203491022857,0.0264329709634286,26.4329709634286
"218",138,"BB2","5",-0.821904086956522,-0.00825113043478261,-0.852860282487652,-0.00856190101147826,-8.56190101147826
"219",139,"BB1","5",-1.7728359375,0.02548828125,-1.83960803025,0.026448271875,26.448271875
"220",139,"BB2","5",-2.03970895238095,0.00611280952380952,-2.11653255036343,0.00634304238171429,6.34304238171429
"221",140,"BB1","5",-0.624412435897436,0.0281277435897436,-0.647930305883077,0.0291871469243077,29.1871469243077
"222",140,"BB2","5",-0.85000525,0.00415991666666667,-0.882019847736,0.004316595768,4.316595768
"223",141,"BB1","5",-1.03260478378378,0.0252591891891892,-1.07149681036022,0.0262105512908108,26.2105512908108
"224",141,"BB2","5",-0.806711742857143,0.0141393428571429,-0.837095733940114,0.0146718870665143,14.6718870665143
"225",142,"BB1","5",8.15246575,0.0641205,8.459520220008,0.066535534512,66.535534512
"226",142,"BB2","5",-1.99123116666667,0.00994596666666667,-2.066228897328,0.0103205715552,10.3205715552
"227",143,"BB2","5",-1.51178745714286,0.0272354571428571,-1.56872741992869,0.0282612534006857,28.2612534006857
"228",144,"BB2","5",-1.49550516666667,0.0253304666666667,-1.551831873264,0.0262845133632,26.2845133632
"229",145,"BB1","5",-1.7309695,0.0222791666666667,-1.796164735248,0.0231182892,23.1182892
"230",145,"BB2","5",-1.21347161290323,-0.00113467741935484,-1.25917580773161,-0.00117741390967742,-1.17741390967742
"231",146,"BB1","5",-1.13099856521739,0.0279869565217391,-1.17359649517774,0.0290410572521739,29.0410572521739
"232",146,"BB2","5",-1.36869577777778,0.0369543888888889,-1.420246335552,0.038346238992,38.346238992
"233",147,"BB1","5",-1.4568702195122,0.0240951219512195,-1.5117417794599,0.0250026406243902,25.0026406243902
"234",147,"BB2","5",-1.31163076315789,0.00677942105263158,-1.36103202422147,0.00703476116715789,7.03476116715789
"235",148,"BB1","5",-2.61705259259259,0.0284074074074074,-2.71562126144,0.029477344,29.477344
"236",148,"BB2","5",-2.54975061538462,0.00609046153846154,-2.64578442256246,0.00631985268184615,6.31985268184615
"237",149,"BB1","5",-2.02296233333333,0.032568380952381,-2.099155186656,0.0337950364525714,33.7950364525714
"238",149,"BB2","5",-1.56105215789474,0.00882631578947368,-1.61984762636968,0.00915875014736842,9.15875014736842
"239",150,"BB1","5",-2.1867436,0.04605324,-2.2691051109504,0.04778778923136,47.78778923136
"240",150,"BB2","5",-2.49428829166667,0.0134475416666667,-2.588233165884,0.013954029876,13.954029876
"241",151,"BB1","5",0.402926142857143,0.0520090714285714,0.418101953101714,0.0539679410948571,53.9679410948571
"242",151,"BB2","5",0.7830665,0.0225178571428571,0.812559916656,0.0233659697142857,23.3659697142857
"243",152,"BB1","5",-0.572944870967742,0.0331032258064516,-0.594524266587871,0.0343500257032258,34.3500257032258
"244",152,"BB2","5",-0.52027628125,0.0094784375,-0.539871967107,0.00983543337,9.83543337
"245",153,"BB1","6",-1.50148214705882,0.0448195,-1.55803397064565,0.046507581648,46.507581648
"246",153,"BB2","6",-1.58665391666667,0.0158514166666667,-1.646413649784,0.016448444424,16.448444424
"247",154,"BB1","6",-0.706241125,0.0260399375,-0.732840990732,0.027020705706,27.020705706
"248",154,"BB2","6",-0.775895807692308,0.0100757307692308,-0.805119147393231,0.0104552230929231,10.4552230929231
"249",155,"BB1","6",-1.66524883870968,0.0392291290322581,-1.72796877097084,0.040706654948129,40.706654948129
"250",155,"BB2","6",-2.99548146153846,0.0107600769230769,-3.10830327530585,0.0111653444603077,11.1653444603077
"251",156,"BB1","6",-1.28206719354839,0.0312774193548387,-1.33035497232619,0.0324554520774194,32.4554520774194
"252",156,"BB2","6",-1.81079651851852,0.0188985185185185,-1.878998358592,0.01961031232,19.61031232
"253",157,"BB1","6",-1.61873541176471,0.0335720882352941,-1.67970346231341,0.0348365473665882,34.8365473665882
"254",157,"BB2","6",-2.46134596153846,0.0220625,-2.55405009583385,0.022893462,22.893462
"255",158,"BB1","6",-1.78335859259259,0.038992,-1.850527010624,0.040460594688,40.460594688
"256",158,"BB2","6",-2.27587908,0.02052732,-2.36159778966912,0.02130046098048,21.30046098048
"257",159,"BB1","6",-2.30287375,0.03502125,-2.38960918692,0.03634029036,36.34029036
"258",159,"BB2","6",-1.91856325,0.013724375,-1.990824016248,0.01424128986,14.24128986
"259",160,"BB1","6",-1.04819064102564,0.0501938205128205,-1.08766969332923,0.0520843205686154,52.0843205686154
"260",160,"BB2","6",-1.66338160606061,0.0492157878787879,-1.72603121087127,0.0510694513134545,51.0694513134545
"261",161,"BB1","6",0.69131975,0.0401166666666667,0.717357617064,0.0416276208,41.6276208
"262",161,"BB2","6",1.49133525,0.0124525,1.547504900856,0.01292151096,12.92151096
"263",162,"BB1","6",-0.295403111111111,0.0646742962962963,-0.306529173888,0.067110188992,67.110188992
"264",162,"BB2","6",-0.297034086956522,0.00575186956521739,-0.308221578807652,0.00596850798052174,5.96850798052174
"265",163,"BB1","6",-1.90033972727273,0.0433484848484849,-1.97191412276073,0.0449811621818182,44.9811621818182
"266",163,"BB2","6",-2.74042188888889,0.0116311111111111,-2.843637138912,0.01206918528,12.06918528
"267",164,"BB1","6",-1.69394147619048,0.0424809523809524,-1.75774208794971,0.0440809549714286,44.0809549714286
"268",164,"BB2","6",-1.98826258823529,0.0159961176470588,-2.06314851035859,0.0165985954221176,16.5985954221176
"269",165,"BB1","6",-1.32568785714286,0.0515985428571429,-1.37561856459429,0.0535419503753143,53.5419503753143
"270",165,"BB2","6",-2.63739903225806,0.0104381290322581,-2.73673402940903,0.010831270724129,10.831270724129
"271",166,"BB1","6",-1.41265278378378,0.0493837837837838,-1.46585893823222,0.0512437746162162,51.2437746162162
"272",166,"BB2","6",-1.92847285,0.100873,-2.0011068514224,0.104672280672,104.672280672
"273",167,"BB1","6",1.0063139047619,0.0469571428571429,1.04421571167086,0.0487257366857143,48.7257366857143
"274",167,"BB2","6",1.49736290909091,0.0188731818181818,1.55375958569891,0.0195840213381818,19.5840213381818
"275",168,"BB1","6",-1.556417825,0.036443925,-1.6150387459608,0.0378165489912,37.8165489912
"276",168,"BB2","6",-1.95617709090909,0.0117478787878788,-2.02985454486109,0.0121903508945455,12.1903508945455
"277",169,"BB1","6",-2.5694787826087,0.0307769565217391,-2.66625563147687,0.0319361398121739,31.9361398121739
"278",169,"BB2","6",-2.14132730434783,0.0245332608695652,-2.22197825593878,0.0254572816069565,25.4572816069565
"279",170,"BB1","6",-2.03123903571429,0.0452636071428571,-2.10774362275543,0.0469684156422857,46.9684156422857
"280",170,"BB2","6",-2.63146964,0.016944,-2.73058131252096,0.017582178816,17.582178816
"281",171,"BB1","6",-2.99876383333333,0.0968683333333333,-3.111709274352,0.10051678224,100.51678224
"282",171,"BB2","6",-3.43012078571429,0.0559227142857143,-3.55931285498743,0.0580289873965714,58.0289873965714
"283",172,"BB1","6",1.289721,0.0686666666666667,1.338297051744,0.071252928,71.252928
"284",172,"BB2","6",0.799635857142857,0.0416393333333333,0.829753342066286,0.043207637184,43.207637184
"285",173,"BB1","6",-3.21885837037037,0.0588885185185185,-3.340093452032,0.06110649568,61.10649568
"286",173,"BB2","6",-1.56614834883721,0.0185370697674419,-1.62513576024781,0.0192352499631628,19.2352499631628
"287",174,"BB1","6",-1.70316594285714,0.0571963142857143,-1.76731398492891,0.0593505562669714,59.3505562669714
"288",174,"BB2","6",-1.66500126923077,0.0219908076923077,-1.72771187703508,0.0228190694732308,22.8190694732308
"289",175,"BB1","6",-1.06411855555556,0.103338888888889,-1.104197516832,0.1072310448,107.2310448
"290",175,"BB2","6",-2.5478594,0.0223093333333333,-2.6438219764416,0.023149592064,23.149592064
"291",176,"BB1","6",-2.7406388,0.08087904,-2.8438622197632,0.08392526816256,83.92526816256
"292",176,"BB2","6",-2.43279503846154,0.0419680384615385,-2.52442383079015,0.0435487226621538,43.5487226621538
"293",177,"BB1","6",-2.37160439473684,0.0580335,-2.46092850266021,0.060219273744,60.219273744
"294",177,"BB2","6",-1.86999882857143,0.0246148571428571,-1.94043046445074,0.0255419511222857,25.5419511222857
"295",178,"BB1","6",-2.22082996296296,0.080447962962963,-2.304475302688,0.08347795504,83.47795504
"296",178,"BB2","6",-2.71953342307692,0.0423042307692308,-2.82196192992369,0.0438975773169231,43.8975773169231
"297",179,"BB1","6",-1.83441117857143,0.0903646071428571,-1.90350244120114,0.0937680997062857,93.7680997062857
"298",179,"BB2","6",-2.00143633333333,0.0760775555555556,-2.076818431392,0.078942940608,78.942940608
"299",180,"BB1","6",-2.38455429032258,0.0923834516129032,-2.47436614311329,0.0958629819344516,95.8629819344516
"300",180,"BB2","6",-1.23904438461538,0.0423033333333333,-1.28571175231754,0.04389664608,43.89664608
"301",181,"BB1","6",-2.17247184615385,0.0833813846153846,-2.25429582576738,0.0865218610855385,86.5218610855385
"302",181,"BB2","6",-1.59641278125,0.052501,-1.656540072243,0.054478397664,54.478397664
"303",182,"BB1","6",-0.473827513513513,0.0760112702702703,-0.491673752982487,0.0788741587537297,78.8741587537297
"304",182,"BB2","6",-0.373053205128205,0.0361585128205128,-0.387103881046154,0.0375203870473846,37.5203870473846
"305",183,"BB1","7",0.760099764705882,0.0668705882352941,0.788728162243765,0.0693892020705882,69.3892020705882
"306",183,"BB2","7",1.20121607692308,0.0390576923076923,1.24645867924431,0.0405287612307692,40.5287612307692
"307",184,"BB1","7",-1.46712323333333,0.0726575,-1.5223809627936,0.07539407208,75.39407208
"308",184,"BB2","7",-1.74457485714286,0.0638858095238095,-1.81028252456229,0.0662920046537143,66.2920046537143
"309",185,"BB2","7",-0.7650675,0.025,-0.79388300232,0.0259416,25.9416
"310",186,"BB1","7",-3.04429533333333,0.0810716666666667,-3.158955672768,0.08412514992,84.12514992
"311",186,"BB2","7",-2.87771152,0.03059928,-2.98609764668928,0.03175177128192,31.75177128192
"312",187,"BB1","7",-2.69134184,0.07805744,-2.79270853906176,0.08099739542016,80.99739542016
"313",187,"BB2","7",-3.08422,0.0288013043478261,-3.20038406208,0.0298860766747826,29.8860766747826
"314",188,"BB1","7",-2.83376787096774,0.0755516129032258,-2.94049890405987,0.0783971888516129,78.3971888516129
"315",188,"BB2","7",-2.99753308695652,0.0354551739130435,-3.11043217314365,0.0367905575833044,36.7905575833043
"316",189,"BB1","7",-2.4198059375,0.08284678125,-2.51094550833,0.085967122419,85.967122419
"317",189,"BB2","7",-1.72336828571429,0.0398242571428571,-1.78827722882743,0.0413241979638857,41.3241979638857
"318",190,"BB1","7",-2.16625667647059,0.0876749705882353,-2.24784656793318,0.0909771606804706,90.9771606804706
"319",190,"BB2","7",-1.80647337142857,0.033364,-1.87451238449006,0.034620621696,34.620621696
"320",191,"BB1","7",-0.890860705882353,0.100144294117647,-0.924414083508706,0.103916128811294,103.916128811294
"321",191,"BB2","7",-1.83011327272727,0.0245653636363636,-1.89904265903127,0.0254905934923636,25.4905934923636
"322",192,"BB1","7",-1.59642188235294,0.0989554411764706,-1.65654951612988,0.102682498912941,102.682498912941
"323",192,"BB2","7",-2.69405576923077,0.0507791153846154,-2.79552468572308,0.0526916599864615,52.6916599864615
"324",193,"BB1","7",-2.22828947368421,0.0594383684210526,-2.31221576842105,0.0616770551292632,61.6770551292632
"325",193,"BB2","7",-0.344073,0.0693346,-0.357032165472,0.0719460183744,71.9460183744
"326",194,"BB1","7",-2.45999682758621,0.0914138965517241,-2.55265014810041,0.0948569095514483,94.8569095514483
"327",194,"BB2","7",-1.35410446153846,0.0540454230769231,-1.40510545197785,0.0560809898916923,56.0809898916923
"328",195,"BB1","7",-1.965561625,0.0993656875,-2.039592538044,0.103108196754,103.108196754
"329",195,"BB2","7",-2.64617868181818,0.0413895454545455,-2.74584435569018,0.0429484412945455,42.9484412945455
"330",196,"BB1","7",-2.14021532,0.09791568,-2.22082438981248,0.10160357617152,101.60357617152
"331",196,"BB2","7",-1.90730985714286,0.0722758095238095,-1.97914677560229,0.0749980056137143,74.9980056137143
"332",197,"BB1","7",-2.32803738095238,0.101511523809524,-2.41572058086857,0.105334853842286,105.334853842286
"333",197,"BB2","7",-1.80611195,0.07746335,-1.8741373504848,0.0803809296144,80.3809296144
"334",198,"BB1","7",-1.51410038235294,0.107687470588235,-1.57112745915388,0.111743411480471,111.743411480471
"335",198,"BB2","7",-1.27131294285714,0.0704314285714286,-1.31919567353691,0.0730841578971429,73.0841578971429
"336",199,"BB1","7",-1.25320315789474,0.101724236842105,-1.30040380163368,0.105555578498526,105.555578498526
"337",199,"BB2","7",-1.13502324242424,0.0535732727272727,-1.17777275782691,0.0555910564712727,55.5910564712727
"338",200,"BB1","7",-1.84390560714286,0.124708,-1.91335446793029,0.129405002112,129.405002112
"339",200,"BB2","7",-1.33994288888889,0.0490292962962963,-1.390410497856,0.050875935712,50.875935712
"340",201,"BB1","7",-2.19507713793103,0.114934517241379,-2.27775252325407,0.119263410898759,119.263410898759
"341",201,"BB2","7",-0.677445405405405,0.0442702702702703,-0.702960709154595,0.0459376657297297,45.9376657297297
"342",202,"BB1","7",-1.02399386486486,0.120337810810811,-1.06256156979114,0.124870214117189,124.870214117189
"343",202,"BB2","7",-0.0666916,0.063756325,-0.0692034724224,0.0661576432248,66.1576432248
"344",203,"BB1","7",-0.702987794871795,0.145729820512821,-0.729465127177846,0.151218588472615,151.218588472615
"345",203,"BB2","7",-0.297884818181818,0.130773636363636,-0.309104351973818,0.135699094603636,135.699094603636
"346",204,"BB1","7",-0.713241152173913,0.122916695652174,-0.740104666929391,0.127546230077217,127.546230077217
"347",204,"BB2","7",-0.154361840909091,0.0770832954545455,-0.160175725285091,0.0799865606945455,79.9865606945455
"348",205,"BB1","7",-1.14686537209302,0.109196720930233,-1.19006090946753,0.113309506227349,113.309506227349
"349",205,"BB2","7",-1.34605923255814,0.0474116279069767,-1.39675720749321,0.0491973394604651,49.1973394604651
"350",206,"BB1","7",-0.932653951219512,0.104951585365854,-0.967781429638244,0.108904481877073,108.904481877073
"351",206,"BB2","7",-0.643456303030303,0.0384860303030303,-0.667691441227636,0.0399355681483636,39.9355681483636
"352",207,"BB1","7",-1.857934875,0.126526166666667,-1.927912134132,0.131291648208,131.291648208
"353",207,"BB2","7",-2.05142595454545,0.0398459090909091,-2.12869086169745,0.0413466654109091,41.3466654109091
"354",208,"BB1","7",-3.21811111111111,0.131714111111111,-3.339318048,0.136674991392,136.674991392
"355",208,"BB2","7",-0.940687,0.0433545454545455,-0.976117035168,0.0449874510545454,44.9874510545455
"356",209,"BB1","7",-1.603891,0.154950666666667,-1.664299950624,0.160786728576,160.786728576
"357",209,"BB2","7",-0.488803473684211,0.118897210526316,-0.507213767717053,0.123375355063579,123.375355063579
"358",210,"BB1","7",-2.28494720833333,0.14541475,-2.371007459988,0.150891651144,150.891651144
"359",210,"BB2","7",-0.938736772727273,0.0713224545454545,-0.974093354535273,0.0740087434734546,74.0087434734546
"360",211,"BB1","7",-1.44724443478261,0.105023,-1.50175344917426,0.108978586272,108.978586272
"361",211,"BB2","7",-1.25956811764706,0.0111985294117647,-1.30700849123012,0.0116203108235294,11.6203108235294
"362",212,"BB1","7",-1.27346943478261,0.133664130434783,-1.32143338757426,0.138698456243478,138.698456243478
"363",212,"BB2","7",-0.432526666666667,0.0784721904761905,-0.44881735104,0.0814277670582857,81.4277670582857
"364",213,"BB1","7",-0.52738878125,0.124218125,-0.547252352307,0.12889667646,128.89667646
"365",213,"BB2","7",-0.42404084375,0.0608480625,-0.440011918089,0.063139843926,63.139843926
"366",214,"BB1","8",-1.92446903571429,0.113028714285714,-1.99695223747543,0.117285827780571,117.285827780571
"367",214,"BB2","8",-2.01315336666667,0.0299724666666667,-2.0889767750688,0.0311013496512,31.1013496512
"368",215,"BB1","8",-0.805844375,0.12528234375,-0.83619569754,0.130000977945,130.000977945
"369",215,"BB2","8",-1.18411496153846,0.0681860769230769,-1.22871346744985,0.0707542373243077,70.7542373243077
"370",216,"BB1","8",-0.960515,0.116797771428571,-0.99669183696,0.121196842691657,121.196842691657
"371",216,"BB2","8",-1.20454468181818,0.0425265454545455,-1.24991265271418,0.0441282652625455,44.1282652625455
"372",217,"BB1","8",-1.70581722222222,0.128321074074074,-1.77006512208,0.133154159008,133.154159008
"373",217,"BB2","8",-0.94464847826087,0.0755597391304348,-0.980227718546087,0.0784056211450435,78.4056211450435
"374",218,"BB1","8",-0.8653313125,0.168787625,-0.897923151054,0.175144842108,175.144842108
"375",218,"BB2","8",-0.405211965517241,0.162291896551724,-0.420473868986483,0.168404458543448,168.404458543448
"376",219,"BB1","8",-0.3060358,0.1107898,-0.3175623323712,0.1149625870272,114.9625870272
"377",219,"BB2","8",0.02165965,0.068667,0.0224754390576,0.071253273888,71.253273888
"378",220,"BB1","8",-0.427443878787879,0.103983636363636,-0.443543125038545,0.107900076043636,107.900076043636
"379",220,"BB2","8",-0.266370318181818,0.0476990909090909,-0.276402889845818,0.0494956294690909,49.4956294690909
"380",221,"BB1","8",-0.884862769230769,0.113140076923077,-0.918190240571077,0.117401384780308,117.401384780308
"381",221,"BB2","8",-0.601163896551724,0.0549474827586207,-0.623806133551448,0.0570170247492414,57.0170247492414
"382",222,"BB1","8",-1.60066043333333,0.104218333333333,-1.6609477078944,0.10814361264,108.14361264
"383",222,"BB2","8",-1.3323797037037,0.0405666666666667,-1.382562452864,0.0420945696,42.0945696
"384",223,"BB1","8",-1.67391565217391,0.127153652173913,-1.73696201129739,0.131942767329391,131.942767329391
"385",223,"BB2","8",-2.20827486363636,0.0346136363636364,-2.29144732810036,0.0359173243636364,35.9173243636364
"386",224,"BB1","8",-2.86183142105263,0.115442368421053,-2.96961943969516,0.119790389785263,119.790389785263
"387",224,"BB2","8",-2.92451616666667,0.0317445,-3.034665143568,0.032940124848,32.940124848
"388",225,"BB1","8",-1.20009473076923,0.113504692307692,-1.24529509870892,0.117779733038769,117.779733038769
"389",225,"BB2","8",-1.5170134375,0.0845661875,-1.57415023161,0.087751288386,87.751288386
"390",226,"BB1","8",-2.098702,0.115216555555556,-2.177747512128,0.119556071904,119.556071904
"391",226,"BB2","8",-2.19571933333333,0.0582619444444444,-2.278418906304,0.06045632232,60.45632232
"392",227,"BB1","8",-0.842870666666667,0.124050047619048,-0.874616547456,0.128722268612571,128.722268612571
"393",227,"BB2","8",-1.08114613333333,0.0453142666666667,-1.1218664212992,0.0470209832064,47.0209832064
"394",228,"BB1","8",-1.17626426086957,0.12515147826087,-1.22056707799096,0.129865183538087,129.865183538087
"395",228,"BB2","8",-0.934470538461538,0.0590432307692308,-0.969666436822154,0.0612670350129231,61.2670350129231
"396",229,"BB1","8",0.379338875,0.1323115,0.393626294388,0.137294880336,137.294880336
"397",229,"BB2","8",0.294070666666667,0.0940959333333333,0.305146544256,0.0976399625664,97.6399625664
"398",230,"BB1","8",-0.739515911764706,0.0935577647058824,-0.767369039065412,0.0970815243557647,97.0815243557647
"399",230,"BB2","8",0.347336,0.083039,0.360418063104,0.086166580896,86.166580896
"400",231,"BB1","8",-1.575748,0.0928542692307692,-1.635096972672,0.0963515324270769,96.3515324270769
"401",231,"BB2","8",-1.19072231818182,0.0307944090909091,-1.23556968357382,0.0319542497149091,31.9542497149091
"402",232,"BB1","8",-0.7177327,0.1312939,-0.7447653844128,0.1362389534496,136.2389534496
"403",232,"BB2","8",-1.25714922727273,0.0726031363636364,-1.30449849576873,0.0753376608916364,75.3376608916364
"404",233,"BB1","8",-0.510790947368421,0.108513157894737,-0.530029377610105,0.112600197473684,112.600197473684
"405",233,"BB2","8",0.514553095238095,0.0803531428571429,0.533933223017143,0.0833795636297143,83.3795636297143
"406",234,"BB1","8",0.886122076923077,0.114107884615385,0.919496978828308,0.118405643981538,118.405643981538
"407",234,"BB2","8",2.56725559090909,0.0783885909090909,2.66394870548509,0.0813410187970909,81.3410187970909
"408",235,"BB1","8",-0.9070416,0.09686044,-0.9412044148224,0.10050859161216,100.50859161216
"409",235,"BB2","8",-0.611096466666667,0.044857,-0.6341128039872,0.046546494048,46.546494048
"410",236,"BB1","8",-0.9836844,0.08357876,-1.0207338892416,0.08672667041664,86.72667041664
"411",236,"BB2","8",-1.09244532,0.037696,-1.13359118053248,0.039115782144,39.115782144
"412",237,"BB1","8",-1.20476283333333,0.0941015833333333,-1.250139020688,0.097645825368,97.645825368
"413",237,"BB2","8",-0.907981619047619,0.0397380952380952,-0.942179838747429,0.0412347908571429,41.2347908571429
"414",238,"BB1","8",-1.46863431818182,0.0969349090909091,-1.52394896114182,0.100585865506909,100.585865506909
"415",238,"BB2","8",-0.96991980952381,0.0443142380952381,-1.00645086922971,0.0459832895588571,45.9832895588571
"416",239,"BB1","8",-0.928944037037037,0.0773809259259259,-0.963931785248,0.08029540112,80.29540112
"417",239,"BB2","8",-1.83753995454545,0.0460590909090909,-1.90674905939345,0.0477938605090909,47.7938605090909
"418",240,"BB1","8",-1.48225773684211,0.0774401578947368,-1.53808549224253,0.0803568640016842,80.3568640016842
"419",240,"BB2","8",-1.75534572222222,0.0354,-1.821459063504,0.0367333056,36.7333056
"420",241,"BB1","8",-0.673360368421053,0.0814427368421053,-0.698721813337263,0.0845101960825263,84.5101960825263
"421",241,"BB2","8",-1.66247135294118,0.140161823529412,-1.72508667397835,0.145440878450824,145.440878450824
"422",242,"BB1","8",-0.864124866666667,0.0827487333333333,-0.8966712656448,0.0858653816256,85.8653816256
"423",242,"BB2","8",-0.475404210526316,0.04585,-0.493309834711579,0.0475768944,47.5768944
"424",243,"BB1","8",-0.46543852173913,0.0737228695652174,-0.482968798221913,0.0764995677245217,76.4995677245217
"425",243,"BB2","8",-2.949464,0.039665,-3.060552612096,0.04115894256,41.15894256
"426",244,"BB1","8",-0.05284,0.091689,-0.05483016576,0.095142374496,95.142374496
"427",244,"BB2","8",-0.83517665,0.045505,-0.8666327433456,0.04721890032,47.21890032
"428",245,"BB1","9",-1.00868632,0.04751616,-1.04667748155648,0.04930580865024,49.30580865024
"429",245,"BB2","9",-0.714748521739131,0.0673448695652174,-0.741668810061913,0.0698813467325217,69.8813467325217
"430",246,"BB1","9",-0.694347272727273,0.0834350454545455,-0.720499168407273,0.0865775430065455,86.5775430065455
"431",246,"BB2","9",-0.885466954545455,0.102845454545455,-0.918817181921455,0.106719025745455,106.719025745455
"432",247,"BB1","9",-1.18892722727273,0.0689847727272727,-1.23370698236073,0.0715830152072727,71.5830152072727
"433",247,"BB2","9",-0.327389142857143,0.0612612857142857,-0.339719927533714,0.0635686307794286,63.5686307794286
"434",248,"BB1","9",-0.52609415,0.10861935,-0.5459089600656,0.1127103891984,112.7103891984
"435",248,"BB2","9",0.0286136666666666,0.0817522666666667,0.0296913718079999,0.0848313840384,84.8313840384
"436",249,"BB1","9",-0.27578853125,0.08742165625,-0.286175830491,0.090714305511,90.714305511
"437",249,"BB2","9",-0.320919,0.0504430344827586,-0.333006093216,0.0523429209335172,52.3429209335172
"438",250,"BB1","9",-1.18707276470588,0.0588837647058824,-1.23178267331576,0.0611015628197647,61.1015628197647
"439",250,"BB2","9",-1.69814764705882,0.0431362941176471,-1.76210668003765,0.0447609794992941,44.7609794992941
"440",251,"BB1","9",0.02410228,0.07086428,0.02501006827392,0.07353331224192,73.53331224192
"441",251,"BB2","9",-0.152642533333333,0.033448,-0.1583916617088,0.034707785472,34.707785472
"442",252,"BB1","9",-0.5092073125,0.079762125,-0.528386096718,0.082766285676,82.766285676
"443",252,"BB2","9",-0.981130476190476,0.0391990476190476,-1.01808377444571,0.0406754405485714,40.6754405485714
"444",253,"BB1","9",-0.493116,0.113929416666667,-0.511688721024,0.118220454216,118.220454216
"445",253,"BB2","9",-0.780247235294118,0.0732262352941176,-0.809634467164235,0.0759842282202353,75.9842282202353
"446",254,"BB1","9",-0.421550428571429,0.0836199285714286,-0.437427703913143,0.0867693895611429,86.7693895611429
"447",254,"BB2","9",-0.370047307692308,0.0490844615384615,-0.383984769489231,0.0509331786978462,50.9331786978462
"448",255,"BB1","9",-1.3956395,0.0655555555555556,-1.448204866128,0.06802464,68.02464
"449",255,"BB2","9",-1.73544166666667,0.0660738333333333,-1.8008053416,0.068562438192,68.562438192
"450",256,"BB1","9",-0.86726595,0.0629016,-0.8999306547408,0.0652707258624,65.2707258624
"451",256,"BB2","9",-1.94924405882353,0.0480386470588235,-2.02266038705506,0.0498479746616471,49.8479746616471
"452",257,"BB1","9",0.2330603,0.0906168,0.2418382831392,0.0940297911552,94.0297911552
"453",257,"BB2","9",0.620984903225806,0.0520514193548387,0.644373678620903,0.0540118840134194,54.0118840134194
"454",258,"BB1","9",0.945072615384615,0.0846872307692308,0.980667830370462,0.0878768906289231,87.8768906289231
"455",258,"BB2","9",0.7821684,0.03876,0.8116279906176,0.04021985664,40.21985664
"456",259,"BB1","9",0.957555730769231,0.0564140384615385,0.993621109812923,0.0585388168061539,58.5388168061539
"457",259,"BB2","9",0.2422964,0.040055,0.2514222516096,0.04156363152,41.56363152
"458",260,"BB1","9",0.148230076923077,0.0648648846153846,0.153813014540308,0.0673079556295385,67.3079556295385
"459",260,"BB2","9",-0.424606153846154,0.0360726923076923,-0.440598520024615,0.0374313341907692,37.4313341907692
"460",261,"BB1","9",0.688250888888889,0.0714135,0.714173170368,0.074103218064,74.103218064
"461",261,"BB2","9",-0.276378772727273,0.0583641363636364,-0.286788302823273,0.0605623631956364,60.5623631956364
"462",262,"BB1","9",-0.314559545454545,0.0522,-0.326407116174545,0.0541660608,54.1660608
"463",262,"BB2","9",0.502921428571429,0.151331571428571,0.521863461257143,0.157031323734857,157.031323734857
"464",263,"BB2","9",0.6620343,0.044215,0.6869691598752,0.04588031376,45.88031376
"465",264,"BB2","9",-2.11440361111111,0.0674108333333333,-2.19404050872,0.06994979496,69.94979496
"466",265,"BB1","9",-0.744715947368421,0.0529034210526316,-0.772764928810105,0.0548959755031579,54.8959755031579
"467",265,"BB2","9",-1.38743716666667,0.0314854166666667,-1.439693600112,0.0326712834,32.6712834
"468",266,"BB1","9",-0.12329708,0.05843168,-0.12794094122112,0.06063245079552,60.63245079552
"469",266,"BB2","9",-0.448554172413793,0.0642277586206896,-0.465448516763586,0.0666468329213793,66.6468329213793
"470",267,"BB1","9",0.770525090909091,0.125928272727273,0.799546147933091,0.130671235191273,130.671235191273
"471",267,"BB2","9",1.748967,0.1340708,1.814840093088,0.1391204426112,139.1204426112
"472",268,"BB1","9",-0.534985,0.0439747142857143,-0.55513467504,0.0456309779245714,45.6309779245714
"473",268,"BB2","9",-0.633591333333333,0.101231916666667,-0.657454917312,0.105044715576,105.044715576
"474",269,"BB1","9",-0.42039852,0.044956,-0.43623240985728,0.046649222784,46.649222784
"475",269,"BB2","9",-0.152328791666667,0.0651962916666667,-0.158066103276,0.067651844796,67.651844796
"476",270,"BB1","9",0.579832347826087,0.0503465217391304,0.601671153374609,0.052242773133913,52.242773133913
"477",270,"BB2","9",0.916876,0.059139,0.951409217664,0.061366411296,61.366411296
"478",271,"BB1","9",-0.952565736842105,0.0260526315789474,-0.988443172754526,0.0270338778947368,27.0338778947368
"479",271,"BB2","9",-1.68949625,0.0358959583333333,-1.75312943676,0.037247943708,37.247943708
"480",272,"BB1","9",-0.384353733333333,0.0314440666666667,-0.3988300323456,0.0326283759936,32.6283759936
"481",272,"BB2","9",-1.70173338095238,0.0310761904761905,-1.76582746701257,0.0322466441142857,32.2466441142857
"482",273,"BB1","9",-0.938483142857143,0.0295839285714286,-0.973830171949714,0.0306981776571429,30.6981776571429
"483",273,"BB2","9",-2.80005422222222,0.0125496111111111,-2.905515464448,0.013022279664,13.022279664
"484",274,"BB1","9",0.458891538461538,0.0809973846153846,0.476175229366154,0.0840480701095385,84.0480701095385
"485",274,"BB2","9",-1.241277,0.0325698916666667,-1.288028456928,0.0337966040664,33.7966040664
"486",275,"BB1","10",0.066687,0.0480875,0.069198699168,0.0498986676,49.8986676
"487",275,"BB2","10",-1.0322095,0.0336748,-1.071086638608,0.0349431276672,34.9431276672
"488",276,"BB1","10",-0.8111140625,0.0166080625,-0.84166386255,0.017233588566,17.233588566
"489",276,"BB2","10",-2.3074874,0.012424,-2.3943966054336,0.012891937536,12.891937536
"490",277,"BB1","10",0.661808260869565,0.0413697826086957,0.686734607206957,0.0429279341008696,42.9279341008696
"491",277,"BB2","10",-0.988356117647059,0.0982581176470588,-1.02558156246212,0.101958911390118,101.958911390118
"492",278,"BB1","10",0.282370921052632,0.0316833947368421,0.293006139423158,0.0328767181162105,32.8767181162105
"493",278,"BB2","10",0.530025565217391,0.0506402173913043,0.549988448105739,0.0525475305391304,52.5475305391304
"494",279,"BB1","10",-0.2735083125,0.038204375,-0.283809729582,0.03964330458,39.64330458
"495",279,"BB2","10",-1.88645423529412,0.0242994117647059,-1.95750564761224,0.0252146248094118,25.2146248094118
"496",280,"BB1","10",-0.687358055555556,0.0270964444444444,-0.71324670936,0.028117004928,28.117004928
"497",280,"BB2","10",-1.24286813333333,0.0277117333333333,-1.2896795187072,0.0287554680576,28.7554680576
"498",281,"BB1","10",0.00357741176470587,0.0274115,0.00371215140141175,0.028443926736,28.443926736
"499",281,"BB2","10",-0.902425235294118,0.0393823529411765,-0.936414179356235,0.0408656498823529,40.8656498823529
"500",282,"BB1","10",0.190491236842105,0.0321157894736842,0.197665898786526,0.0333253985684211,33.3253985684211
"501",282,"BB2","10",0.673989722222222,0.0368545555555556,0.69937487112,0.038242645536,38.242645536
"502",283,"BB1","10",1.0832203,0.03678,1.1240187093792,0.03816528192,38.16528192
"503",283,"BB2","10",1.6418008,0.029214,1.7036375853312,0.030314316096,30.314316096
"504",284,"BB1","10",-0.0751584411764706,0.0398391176470588,-0.0779892087049412,0.0413396181741177,41.3396181741177
"505",284,"BB2","10",-0.807666964285714,0.0397821428571429,-0.838086932828571,0.0412804974857143,41.2804974857143
"506",285,"BB1","10",0.141139466666667,0.0151682666666667,0.1464553435392,0.0157395642624,15.7395642624
"507",285,"BB2","10",-0.331222,0.03385,-0.343697145408,0.0351249264,35.1249264
"508",286,"BB1","10",0.087232825,0.0291575,0.0905183621208,0.03025568808,30.25568808
"509",286,"BB2","10",-0.196047305555556,0.0476259722222222,-0.203431231272,0.04941975684,49.41975684
"510",287,"BB1","10",-0.141600541666667,0.030907125,-0.146933784468,0.032071210956,32.071210956
"511",287,"BB2","10",-0.77047575,0.02670975,-0.799494948648,0.027715746024,27.715746024
"512",288,"BB1","10",-0.0562155588235294,0.0336543235294118,-0.0583328616310588,0.0349218799708235,34.9218799708235
"513",288,"BB2","10",-0.791674916666667,0.0266958333333333,-0.821492560728,0.0277013052,27.7013052
"514",289,"BB1","10",0.286289857142857,0.0498850357142857,0.297072678322286,0.0517639056994286,51.7639056994286
"515",289,"BB2","10",-0.5586156,0.0342353,-0.5796552979584,0.0355247383392,35.5247383392
"516",290,"BB1","10",0.440331666666667,0.0242790476190476,0.45691631856,0.0251934936685714,25.1934936685714
"517",290,"BB2","10",1.07417675,0.0625685,1.114634543112,0.064925079984,64.925079984
"518",291,"BB1","10",0.10631065625,0.0300443125,0.110314740807,0.031175901486,31.175901486
"519",291,"BB2","10",-0.42315696875,0.0275088125,-0.439094752821,0.028544904414,28.544904414
"520",292,"BB1","10",0.0441794,0.029045,0.0458433729216,0.03013895088,30.13895088
"521",293,"BB1","10",0.342155184210526,0.0326239210526316,0.355042117068632,0.0338526684151579,33.8526684151579
"522",293,"BB2","10",-1.1653857,0.02761,-1.2092787870048,0.02864990304,28.64990304
"523",294,"BB1","10",0.0222582857142857,0.0382068928571429,0.0230966217874286,0.0396459172697143,39.6459172697143
"524",294,"BB2","10",-1.70675766666667,-0.00718388888888889,-1.771040987424,-0.00745446288,-7.45446288
"525",295,"BB1","10",-0.129854303030303,0.018569696969697,-0.134745135499636,0.0192691060363636,19.2691060363636
"526",295,"BB2","10",-0.672001096774194,0.0267806451612903,-0.697311346083097,0.0277893113806452,27.7893113806452
"527",296,"BB1","10",-0.0604727647058823,0.0297052647058824,-0.0627504109157647,0.0308240837957647,30.8240837957647
"528",296,"BB2","10",-0.260072206896552,0.0375283103448276,-0.269867566497103,0.0389417766256552,38.9417766256552
"529",297,"BB1","10",0.812847916666667,0.030425,0.8434630206,0.0315709272,31.5709272
"530",297,"BB2","10",0.875659,0.0269666666666667,0.908639820576,0.0279823392,27.9823392
"531",298,"BB1","10",0.823377696969697,0.0414749393939394,0.854389394548364,0.0430370515112727,43.0370515112727
"532",298,"BB2","10",-0.258828620689655,0.0227724137931034,-0.26857714185931,0.0236301139862069,23.6301139862069
"533",299,"BB1","10",0.165934181818182,0.027224696969697,0.172183926842182,0.0282500879563636,28.2500879563636
"534",299,"BB2","10",-0.121716941176471,0.0266047941176471,-0.126301288048941,0.0276068370832941,27.6068370832941
"535",300,"BB1","10",0.392590566666667,0.0249606666666667,0.4073770977696,0.025900785216,25.900785216
"536",300,"BB2","10",0.015928619047619,0.040419,0.0165285545554285,0.041941341216,41.941341216
"537",301,"BB1","10",0.413766868421053,0.0219052631578947,0.429350983753263,0.0227303029894737,22.7303029894737
"538",301,"BB2","10",0.496741885714286,0.0238028571428571,0.515451172097829,0.0246993679542857,24.6993679542857
"539",302,"BB1","10",0.447603151515152,0.0205606060606061,0.464461676613818,0.0213350007272727,21.3350007272727
"540",302,"BB2","10",0.445384829268293,0.0280243902439024,0.462159803477854,0.0290799008780488,29.0799008780488
"541",303,"BB1","10",0.424230421052632,0.0207142105263158,0.440208635631158,0.0214943905515789,21.4943905515789
"542",303,"BB2","10",0.207642048780488,0.028110487804878,0.215462678905756,0.029169241217561,29.169241217561
"543",304,"BB1","10",0.20322796969697,0.0199377575757576,0.210882347947636,0.0206886932770909,20.6886932770909
"544",304,"BB2","10",-0.267693108108108,0.0244912432432432,-0.277775501331892,0.0254136814287568,25.4136814287568
"545",305,"BB1","10",0.410467545454545,0.0281263636363636,0.425927395086545,0.0291857149963636,29.1857149963636
"546",305,"BB2","10",-0.556417222222222,0.0474107777777778,-0.57737412048,0.049196457312,49.196457312
"547",306,"BB1","11",-0.22903636,0.00908088,-0.23766278546304,0.00942290226432,9.42290226432
"548",306,"BB2","11",-0.362383764705882,0.0630124705882353,-0.376032586819765,0.0653857722804706,65.3857722804706
"549",307,"BB1","11",0.256326954545455,0.0273131363636364,0.265981252961455,0.0283418583316364,28.3418583316364
"550",307,"BB2","11",0.150054652173913,0.0355422608695652,0.155706310593391,0.0368809245829565,36.8809245829565
"551",308,"BB1","11",0.861253428571429,0.0262714285714286,0.893691677705143,0.0272609156571429,27.2609156571429
"552",308,"BB2","11",1.1751415,0.04405,1.219402029456,0.0457090992,45.7090992
"553",309,"BB1","11",0.295778958333333,0.0152860416666667,0.30691917702,0.01586177514,15.86177514
"554",309,"BB2","11",0.2793434,0.0786932,0.2898645898176,0.0816571006848,81.6571006848
"555",310,"BB1","11",0.310722,0.0404748125,0.322425033408,0.041999255838,41.999255838
"556",310,"BB2","11",0.341939642857143,0.0351589285714286,0.354818457565714,0.0364831544571429,36.4831544571429
"557",311,"BB1","11",-0.485574967741936,0.01594,-0.503863663326968,0.01654036416,16.54036416
"558",311,"BB2","11",0.0840073783783784,0.0222621621621622,0.0871714322776216,0.0231006442378378,23.1006442378378
"559",312,"BB1","11",-0.0910336785714286,0.0192964642857143,-0.0944623710411428,0.0200232463165714,20.0232463165714
"560",312,"BB2","11",-0.605835655172414,0.00597303448275862,-0.628653849288828,0.00619800285351724,6.19800285351724
"561",313,"BB1","11",0.90864076,0.03522712,0.94286380558464,0.03655391424768,36.55391424768
"562",313,"BB2","11",-0.0142182380952381,0.00978338095238095,-0.0147537538148571,0.0101518622125714,10.1518622125714
"563",314,"BB1","11",0.288235823529412,0.0253142352941176,0.299091937586824,0.0262676706522353,26.2676706522353
"564",314,"BB2","11",0.24525635,0.02418255,0.2544936851664,0.0250933615632,25.0933615632
"565",315,"BB1","11",0.357883347826087,0.0170960869565217,0.371362666238609,0.0177399939756522,17.7399939756522
"566",315,"BB2","11",1.25970371428571,0.0496562857142857,1.30714919498057,0.0515265400594286,51.5265400594286
"567",316,"BB1","11",0.986897464285714,0.0523771071428571,1.02406797038057,0.0543498385062857,54.3498385062857
"568",316,"BB2","11",0.4509426875,0.02852921875,0.467926992882,0.029603743245,29.603743245
"569",317,"BB1","11",0.165169,0.0122893333333333,0.171389925216,0.012752198784,12.752198784
"570",317,"BB2","11",0.232279684210526,0.0217947368421053,0.241028266236632,0.0226156138105263,22.6156138105263
"571",318,"BB2","11",0.407042333333333,0.0211380952380952,0.422373175776,0.0219342404571429,21.9342404571429
"572",319,"BB2","11",0.7624845625,0.0301856875,0.791202781062,0.031322601234,31.322601234
"573",320,"BB2","11",0.25904135,0.0366612,0.2687978834064,0.0380420074368,38.0420074368
"574",321,"BB2","11",0.407407625,0.00967875,0.422752225788,0.01004329044,10.04329044
"575",322,"BB2","11",0.461076833333333,0.0358830833333333,0.478442831184,0.037234583784,37.234583784
"576",323,"BB2","11",0.448626538461538,0.0262769230769231,0.465523608406154,0.0272666171076923,27.2666171076923
"577",324,"BB2","11",0.770742588235294,0.0757198235294118,0.799771837078588,0.0785717349628235,78.5717349628235
"578",325,"BB2","11",-0.3798430625,0.0192811875,-0.394149471606,0.020007394146,20.007394146
"579",326,"BB2","11",0.00380546153846154,-0.0106324615384615,0.00394879044184615,-0.0110329225698462,-11.0329225698462
"580",327,"BB2","11",0.697133409090909,0.0144368636363636,0.723390241810909,0.0149806136683636,14.9806136683636
"581",328,"BB1","11",-0.032653,0.00723,-0.033882842592,0.00750231072,7.50231072
"582",328,"BB2","11",0.387503857142857,0.00986619047619048,0.402098802418286,0.0102377906742857,10.2377906742857
"583",329,"BB1","11",-0.202810333333333,-0.063197,-0.210448981728,-0.065577251808,-65.577251808
"584",330,"BB1","11",-0.325026666666667,0.0119766666666667,-0.33726847104,0.01242775584,12.42775584
"585",335,"BB1","11",0.2191119,0.00699,0.2273645306016,0.00725327136,7.25327136
"586",335,"BB2","11",0.551021,0.01433,0.571774654944,0.01486972512,14.86972512
"587",336,"BB1","12",0.5586913,0.012241,0.5797338491232,0.012702045024,12.702045024
"588",336,"BB2","12",0.246310583333333,0.00433166666666667,0.255587625144,0.00449481456,4.49481456
"589",337,"BB1","12",0.335876166666667,0.0103795,0.348526606608,0.010770433488,10.770433488
"590",337,"BB2","12",0.739347923076923,0.0214403846153846,0.767194723251692,0.0222479152615385,22.2479152615385
"591",338,"BB1","12",0.18716348,0.01790704,0.19421280531072,0.01858149075456,18.58149075456
"592",338,"BB2","12",1.01615410526316,0.0302057894736842,1.05442653348379,0.0313434603284211,31.3434603284211
"593",339,"BB1","12",0.318819409090909,0.00352263636363636,0.330827423314909,0.00365531293963636,3.65531293963636
"594",339,"BB2","12",0.767015842105263,0.0153732105263158,0.795904726782316,0.015952227127579,15.952227127579
"595",340,"BB1","12",0.5017117,0.01354335,0.5206081694688,0.0140534467344,14.0534467344
"596",340,"BB2","12",0.44256925,0.0228595,0.459238178232,0.023720480208,23.720480208
"597",341,"BB1","12",0.639870448275862,0.0205388620689655,0.663970528839724,0.021312437769931,21.312437769931
"598",341,"BB2","12",0.451218956521739,0.0119847826086957,0.468213667300174,0.0124361774608696,12.4361774608696
"599",342,"BB1","12",0.6093212,0.009718,0.6322706736768,0.010084018752,10.084018752
"600",342,"BB2","12",0.751233,0.0134275,0.779527439712,0.01393323336,13.93323336
"601",343,"BB2","12",0.378799,0.0288,0.393066085536,0.0298847232,29.8847232
"602",344,"BB2","12",0.352922058823529,0.0112270588235294,0.366214515247059,0.0116499147670588,11.6499147670588
"603",345,"BB2","12",-0.210141230769231,0.000429038461538462,-0.218055990084923,0.000445197766153846,0.445197766153846
"604",346,"BB1","12",-0.0472295,0.0129,-0.049008351888,0.0133858656,13.3858656
"605",346,"BB2","12",0.39429675,0.01942055,0.409147542792,0.0201520055952,20.1520055952
"606",347,"BB1","12",0.525824,0.004643775,0.545628635136,0.0048186781416,4.8186781416
"607",347,"BB2","12",0.455861695652174,0.0230406956521739,0.473031270557217,0.0239085004132174,23.9085004132174
"608",348,"BB2","12",0.3340095,0.0071795,0.346589633808,0.007449908688,7.449908688
"609",349,"BB2","12",0.583526769230769,-0.00778292307692308,0.605504721467077,-0.00807605909169231,-8.07605909169231
"610",350,"BB2","12",0.315340083333333,0.0555540833333333,0.327217052232,0.057646472328,57.646472328
"611",351,"BB2","12",0.467138133333333,0.0122669333333333,0.4847324239872,0.0127289551104,12.7289551104
"612",352,"BB2","12",0.186982818181818,0.0557873636363636,0.194025339045818,0.0578885389003636,57.8885389003636
"613",353,"BB2","12",0.425264,-0.00298,0.441281143296,-0.00309223872,-3.09223872
"614",354,"BB2","12",0.634411272727273,0.0147509090909091,0.658305738903273,0.0153064873309091,15.3064873309091
"615",355,"BB2","12",0.2542305,0.010554,0.263805837552,0.010951505856,10.951505856
"616",357,"BB1","12",-0.515837888888889,-0.00559666666666667,-0.535266407136,-0.00580745952,-5.80745952
"617",357,"BB2","12",-1.104369,-0.011735,-1.145963954016,-0.01217698704,-12.17698704
"618",358,"BB1","12",0.235670473684211,0.0126652631578947,0.244546766405053,0.0131422876294737,13.1422876294737
"619",358,"BB2","12",-0.191451,-0.00881,-0.198661810464,-0.00914181984,-9.14181984
"620",361,"BB2","12",0.40545725,0.075262875,0.420728391864,0.078097575924,78.097575924
"621",362,"BB2","12",0.626577,0.0061,0.650176396128,0.0063297504,6.3297504
